destination,name,balanced,business,leisure,settlement,reach,pca,entropy,gamma_flat,gamma_sharp,gamma_extreme
AFG,Afghanistan,0.6689971901643681,0.6665722267245062,0.8026030678268419,0.4506473962335797,1.0267407362179448,0.4271767557956895,0.5326777999905864,0.825068119843653,0.41994066498511445,0.14285424343494668
AGO,Angola,0.8393369039671245,0.8767368297818203,0.8633982793447725,0.7282205528403329,1.13687196718855,0.6660211493959309,0.717678221260442,0.9241571310467795,0.6610160146271944,0.3539494526211605
ALB,Albania,1.0803897769838164,1.0496298437109466,1.059728743531698,1.1636611726274364,0.9272539351961175,1.1819431040496826,1.147576075827351,1.0484986913361654,1.0952172523733683,0.9716678539220515
AND,Andorra,1.1147191533960017,1.0332186175204356,1.1561559217448998,1.2808312301784348,0.614254494883849,1.3872741142372125,1.2481934704559772,1.0650264444478752,1.1659240772381119,1.1011787552502563
ARE,United Arab Emirates,1.2924506067328907,1.3171453977689305,1.2318776238441502,1.239817097957029,1.3012770564514364,1.3836044777994174,1.2701944716219042,1.1467919535868856,1.567354567090821,1.989994104070561
ARG,Argentina,1.2904658695705122,1.2721568369987029,1.260495570686264,1.3045932484761475,1.2819906984984595,1.3399976314295565,1.3293952896266341,1.1459110862342479,1.5625444825624024,1.9777985841239556
ARM,Armenia,1.0312943502397256,1.023547955980307,1.0026305761652894,1.0977046515422264,0.9579779242711395,1.0703815436407045,1.0566345647091306,1.024398606390417,0.9979404381863733,0.8067268745504013
ATG,Antigua and Barbuda,0.893252797134614,0.8845206987569523,0.8526368940943548,1.0607832862245874,0.5945666727672546,1.0631198490077103,1.0038729897467014,0.9533773987629416,0.7486660058285578,0.45403936745915885
AUS,Australia,1.4484130203616983,1.4839283113781272,1.3176885423534086,1.5378348384497993,1.3716552531532562,1.5401637525894067,1.529486337116226,1.214014488504018,1.968449078707067,3.1388145093523985
AUT,Austria,1.3827962250274912,1.3948260095914302,1.3100014074536606,1.4714790884942417,1.1874755049488048,1.50892389752416,1.4840007157227404,1.1861968115502697,1.7941374631468334,2.60752638544619
AZE,Azerbaijan,0.9715471876442171,0.9556227270568265,0.9776342334815199,0.9043842775826104,1.0698112151569246,0.9817097605560056,0.8781424614295289,0.9942820731370786,0.8856602273562275,0.635406373091231
BDI,Burundi,0.5116839883111796,0.4823899907695729,0.6703174275131432,0.35888732483102037,0.7455054625465597,0.2872000051627615,0.41131108670495353,0.7215701738075654,0.2456648369759037,0.048888113544300026
BEL,Belgium,1.373100295993545,1.420450833080736,1.2342746778067457,1.5016939445934687,1.2111367919074185,1.4787978509812096,1.4811821045439446,1.1820307919515798,1.7690653072855167,2.5351578975189457
BEN,Benin,0.7849975176622497,0.8095632722744056,0.8223804281178024,0.7888687404957169,0.9087374576353404,0.6329819294742088,0.7615707161172328,0.893741246810904,0.5781971025691459,0.27081274813359024
BFA,Burkina Faso,0.7072965054386955,0.7256753569264293,0.786605122697246,0.5855487908993887,0.9622751380264875,0.49950084251331667,0.6127175887835273,0.8483565472286135,0.469399225749165,0.17848512185548246
BGD,Bangladesh,0.9248311638134953,0.9295260067443251,0.9815719716304696,0.7933397830427028,1.1604273762808512,0.7991696467539031,0.7880054864002717,0.9700829856195725,0.8025355056380693,0.5217299800674652
BGR,Bulgaria,1.1774149517931078,1.180575285337941,1.139405832221258,1.22156792868742,1.1163672823013715,1.2329557549651269,1.2114323525997293,1.0945672078550497,1.300763785630435,1.370610822808884
BHR,Bahrain,1.079919096855774,1.063537595175696,1.0407049725338768,1.1260310647146736,0.926902634947063,1.2065875624318927,1.0674635088097146,1.0482702731899542,1.0942631805792022,0.9699757017829455
BHS,Bahamas,1.0399503829282852,1.0330042402380368,0.9655764731609552,1.1562358660882859,0.8053056791140043,1.229090325446338,1.1695936359801813,1.0286887002047276,1.014762903795352,0.8341544045716119
BIH,Bosnia and Herzegovina,0.9789257020776045,1.0061838726578993,0.8766618974670851,1.0821721272494933,0.9770191641223522,1.0085842477988642,0.9939840226628346,0.9980505201292079,0.8991637847190301,0.6549300169103777
BLR,Belarus,1.0674214723483368,1.0555634460346506,1.0438321974025044,1.014385696820131,1.151494922807449,1.1067807638265927,1.0200983184412025,1.0421869413390221,1.0690824836761588,0.9258480370084415
BLZ,Belize,0.8323755115146148,0.7988652041703096,0.8723272064193842,0.8245393266951262,0.762423267373591,0.8920621502265605,0.8365441599697978,0.9203167091488549,0.6500966585071467,0.34235222108950564
BOL,Bolivia,0.9653460153608359,0.9632319492953932,0.9870892084347084,0.9160799276209018,1.0820357724977212,0.9017285909671019,0.8864242449161822,0.9911038515142999,0.8743903596873392,0.6193383943216567
BRA,Brazil,1.3075029366995852,1.3115862061859256,1.3170577131647783,1.2479089365361704,1.4107945308847034,1.2792806381105395,1.3000941733437734,1.1534505917804994,1.6040750735285543,2.084330879063383
BRB,Barbados,0.9392374080653059,0.9316960393934234,0.9021148382525025,1.0595501980734134,0.6282053300062665,1.1050088250976284,1.0640414799488642,0.9776093585893358,0.8277326893439226,0.5550057674368937
BRN,Brunei,1.1634624190610323,1.166471291660274,1.1123135950815461,1.3469645178371685,0.9015394840825627,1.270636772784911,1.236143590078268,1.0880624923177526,1.2701179789541812,1.3067888178105207
BTN,Bhutan,0.9337820366328136,0.9225611826413094,0.9261307777207678,1.0579372604859394,0.8244198442958139,0.9524341148993719,0.9444777444847745,0.9747661003617631,0.818145176574841,0.5422231190647394
BWA,Botswana,0.9819163250270699,0.9836707692631164,1.0154343117710796,0.9801775198715856,1.007358018925779,0.9649521708045963,0.9820577322722244,0.9995738822291933,0.9046660764453267,0.6629700246513945
CAF,Central African Republic,0.49336007048437663,0.4879977307559508,0.6143379689095891,0.3223571714905345,0.7937830719883235,0.2712955138929344,0.40268336363279505,0.7085323083679963,0.22838487508463745,0.042252456228444576
CAN,Canada,1.4449669859330267,1.4715926990806905,1.3841458817664967,1.4481086243512196,1.4213292617470752,1.506383768542507,1.4748034206594491,1.2125694493558357,1.9590936340849465,3.1090497324703663
CHE,Switzerland,1.3846954443445838,1.4539193316455612,1.2195278172118031,1.4968623416521294,1.2260192409174053,1.5047094269538954,1.4798414709153938,1.187011130694921,1.7990692101043777,2.6218812885439458
CHL,Chile,1.3437361236211138,1.330815675557285,1.285704002783399,1.4433162353807423,1.2193118889145453,1.430273433941068,1.4497430554760458,1.169323441030314,1.6942103443980328,2.32515516716781
CHN,China,1.2767711188942137,1.2660081396567524,1.3190211460730987,1.0827083994448246,1.489873600682816,1.2390207001565028,1.1458146298978704,1.1398145191640805,1.529556220530033,1.8951699930819472
CIV,Ivory Coast,0.8530334963357864,0.8675724718585791,0.9258903805706394,0.7254100171385721,1.0720976496668813,0.7055351219331155,0.7579311001216261,0.9316669771619541,0.6827654153877766,0.3776246284581029
CMR,Cameroon,0.77910856375718,0.7638534830950594,0.8854384479668022,0.6020868856810649,1.0268424285055306,0.6511656719164206,0.6564095201113255,0.8903825679253647,0.569554516688676,0.26277732224023853
COD,DR Congo,0.7290801902678972,0.763018303512903,0.8054430216028723,0.5206729897747313,1.1340512617675513,0.452597940839055,0.5980505121715589,0.8613215411830101,0.49875807571021175,0.20151026012140755
COG,Congo,0.7476895618840722,0.7689415806354385,0.7631316017025658,0.6599572360044059,0.9798084164945989,0.6226340518664013,0.6543687457221022,0.8722446584777047,0.5245440675621162,0.2228852051791586
COL,Colombia,1.1749424342334749,1.1608995606268564,1.2037840501887818,1.1302636390923178,1.230985699361409,1.179303691040325,1.1631461106020342,1.0934173333239596,1.2953064328081711,1.359134156630632
COM,Comoros,0.5342723535136442,0.5056630899499629,0.5953055055297494,0.5271345297337097,0.5392035200011517,0.4831906986763225,0.498751416898089,0.7373250867118334,0.267833408140934,0.05810945170019983
CPV,Cape Verde,0.8527830122633497,0.836293523355396,0.8575268379866454,0.9714302952855692,0.6811453828089591,0.8967875638809633,0.9239208421621689,0.9315301801466016,0.6823645008794049,0.37718128220821906
CRI,Costa Rica,1.1356890843510608,1.138333821545902,1.090727706709147,1.2227602419314731,1.0154747754616869,1.2273452092119903,1.20659356709839,1.0749973297810136,1.2102030618902748,1.186407209236505
CUB,Cuba,0.9132831884224468,0.9091496447796362,0.9222058047933896,0.824394913932031,1.0578271906904209,0.89089935777012,0.8539967189873847,0.964007452519699,0.7826187901252979,0.49615551583902767
CYP,Cyprus,1.2835528394139677,1.3027901824892385,1.1374138651102188,1.486501282779656,1.0202229402863885,1.430298538601321,1.4766175947234244,1.1428376397515994,1.5458482111939138,1.9357576210250151
CZE,Czech Republic,1.3487915688619554,1.3667315088689282,1.2912910389735148,1.4409569543740413,1.195777255832838,1.4254219721883092,1.4273058853209424,1.1715210082816272,1.70698234509257,2.3603442099029537
DEU,Germany,1.4551103345424075,1.4878608688243655,1.3771942197112863,1.4963774727834331,1.3743578733607897,1.531152627771512,1.4956848373221967,1.2168179910939858,1.986694980824119,3.197272640805415
DJI,Djibouti,0.7488901197632111,0.7809129851070243,0.7456346360633143,0.6914851665476242,0.8801050481302226,0.648071258607849,0.7227509922066176,0.8729446549909698,0.526229930608836,0.22432019523311866
DMA,Dominica,0.7671534845565128,0.6983790598708676,0.8017555460380575,0.856799342201748,0.5083404094498157,0.9409830740517389,0.8349791784397483,0.8835248942320634,0.5522094929551644,0.24701596245533003
DNK,Denmark,1.3747329723530366,1.406217924883727,1.2588791057576088,1.499144172679252,1.160161392895077,1.5133350836332364,1.482110363677011,1.1827333263551345,1.7732748006170742,2.5472370750580327
DOM,Dominican Republic,1.1365340528688104,1.1046901852226427,1.1705538722601647,1.1342104793901737,1.079421906889813,1.2000966873273071,1.15282300267368,1.0753971619276215,1.2120045477188615,1.1899419656937449
DZA,Algeria,1.0369100774094466,1.051764433075251,1.0062860886380647,0.9810431998774233,1.2348952632605907,0.9571699928062327,0.9433479300756463,1.0271839086439176,1.0088382375493226,0.8244424623905813
ECU,Ecuador,1.031967719290078,1.0106682969090777,1.0460789370982244,0.9806431193362211,1.0917808138713727,1.058300103065173,1.0331763043486795,1.0247329851033613,0.9992440458046034,0.8088359025982574
EGY,Egypt,1.129486085031879,1.0977892517178929,1.2388795860577106,0.9639238816477664,1.289586413706597,1.0720215548384744,1.0029803892783362,1.0720575560400774,1.1970191931654741,1.1606987326626723
ERI,Eritrea,0.511288689779171,0.510047938991238,0.615794403912984,0.3323462724547322,0.8044238068041767,0.33805269591512116,0.39083220619542547,0.7212913975046694,0.24528540967160425,0.04873721559244373
ESP,Spain,1.4658034408360858,1.4576298385056436,1.4438135201725544,1.512167882825302,1.3183718498880999,1.5530259778289162,1.5306290588936255,1.2212807960312768,2.0160013465477675,3.2922963305582025
EST,Estonia,1.1883033089726798,1.2485433248693014,1.0018839119190934,1.4060173038923267,1.0355742221270599,1.2890547319690473,1.3270676625802846,1.0996166646401795,1.324933121966568,1.4220183365458998
ETH,Ethiopia,0.810373751057911,0.7907817113979073,1.0052013778787168,0.5469824042497385,1.1270362830211362,0.6006401636750077,0.6630815135294074,0.908072120719503,0.6161835142608288,0.30756536775361293
FIN,Finland,1.335559384381322,1.3711911925110556,1.1716286922735695,1.5078008143962782,1.1663769150784242,1.4555995511676907,1.466377423325343,1.1657603000378167,1.6736542734346902,2.269074649243998
FJI,Fiji,0.9951842847216954,0.96777163625835,0.9866593661304931,1.1001437730546308,0.8299631642786495,1.051485625061229,1.0853684859240245,1.0063044990299221,0.9292795131812611,0.6995359010340941
FRA,France,1.4333339392238897,1.449426375211515,1.4035276790203972,1.4426045872154607,1.3534486251482345,1.499817356186808,1.468827838291402,1.2076785477948497,1.92767632292363,3.010131776678661
FSM,Micronesia,0.6035454572962694,0.5907347921150369,0.5909167986879985,0.7108307665228589,0.4104165370742175,0.6206115261506528,0.6911445282139509,0.7836689728190187,0.34178997091333974,0.09463154105215689
GAB,Gabon,0.9042130409738809,0.9207586121321599,0.8596072022718954,0.9094296389605744,1.0007858451490435,0.8886471141453005,0.8808195723048957,0.9592085536062425,0.7671510377799446,0.4767371940506492
GBR,United Kingdom,1.4082174029070802,1.4345594843339655,1.3292103521324812,1.4467370504377082,1.3165225222774088,1.4996160290956544,1.4484983559756799,1.19705061259844,1.8607102857387536,2.804624987129095
GEO,Georgia,1.1000839678598304,1.0810939695858857,1.0568510992375646,1.170635972803789,1.0226341080081642,1.1791650544768746,1.154807595316684,1.0580119608927478,1.1355101359233672,1.0444780382280985
GHA,Ghana,1.0072919871637283,1.0174903798347752,1.0346564172547266,0.9945784678605372,1.0844101396675108,0.8939306160093095,0.9726592559438383,1.0124074895651638,0.9520288354026051,0.7342052532493397
GIN,Guinea,0.6653856558789826,0.7137982150619049,0.6776258651977334,0.532157502982938,1.0055963118765812,0.44449573306895696,0.5519244486049084,0.8228380699669287,0.41541886303687714,0.13979437855215887
GMB,Gambia,0.7707819803596467,0.7331169239044032,0.8770499668612313,0.8127427967004566,0.7002393773604845,0.6873294375675602,0.7948067076330967,0.8856118850253472,0.5574455465257976,0.2517225848109899
GNB,Guinea-Bissau,0.5811837584127059,0.5607130722260261,0.6792500215767381,0.5200079131431712,0.6952639004879239,0.4378590094051775,0.504119813733059,0.7690142620737389,0.31693213953461213,0.08136728914961175
GNQ,Equatorial Guinea,0.7588241515400156,0.7547242627139059,0.7511552974470809,0.7183387729197918,0.8557250699262292,0.7452439234107214,0.7108455216574926,0.8787153887855916,0.5402834123824064,0.23646156009126273
GRC,Greece,1.3440866810516097,1.322461357663067,1.29750015499843,1.4466449653485594,1.1413875452740414,1.4610200813942062,1.4642009063893795,1.169475959178133,1.6950944398481167,2.327582487325031
GRD,Grenada,0.841267945318545,0.7613423042793634,0.8617939942599103,0.9567453718112041,0.5154767792616249,1.049634293782154,0.9800075264422914,0.9252196128511896,0.6640610793670952,0.35721800131449705
GTM,Guatemala,0.9308256501637356,0.9531479441110452,0.9306354638133648,0.9075235803531474,1.0398313597298638,0.8851727503400725,0.9122475277175633,0.9732218053482492,0.8129728251986909,0.5353888718658033
GUY,Guyana,0.9441926664014562,1.0087411650421532,0.8158571352506612,0.9976134523607664,1.063611999648973,0.9796433437577823,0.9236887120241538,0.9801848172777996,0.8364896852350315,0.5668112511055902
HKG,Hong Kong,1.3693546933983678,1.421018783782003,1.2100400225997632,1.4285961909197664,1.2430438530361334,1.5045856320257793,1.4966061987043708,1.1804174935401375,1.7594270048453766,2.5076088233871854
HND,Honduras,0.8643615459507886,0.8661670962646657,0.9065093727255524,0.7880965902213694,0.9847093206296764,0.8006794868825537,0.8333700670257097,0.93783271512678,0.7010196947035232,0.3980867484445043
HRV,Croatia,1.272878471085208,1.2521329704724213,1.2640688302544403,1.3482585378986267,1.0816583432463522,1.3785045256322472,1.3520866117898387,1.138075647013475,1.520243749087657,1.87216333215111
HTI,Haiti,0.5935991783018176,0.5861682987558612,0.6549087773819298,0.4362664394733992,0.7790400916444092,0.5366931184141168,0.5126980844886405,0.7771848126438091,0.33061756759619804,0.08854603832896313
HUN,Hungary,1.2588666002416742,1.2483838375911493,1.264685127312738,1.2363666786040302,1.1864213612685757,1.32511960024324,1.2576046584331673,1.1317943335995329,1.4869582216672104,1.791079302748864
IDN,Indonesia,1.2090260718242147,1.200689118215479,1.2845720742676017,1.087929819874442,1.358399439953315,1.0955610756226029,1.103269711990522,1.1091633041027098,1.3715469435117906,1.5238374251830542
IND,India,1.1893595600576907,1.164099513927453,1.3324661240985836,0.9722085248986199,1.3977834148976471,1.0696762514617462,1.0546285095494872,1.1001052660354602,1.3272895641464346,1.42708105825771
IRL,Ireland,1.4687310923157169,1.5456459126283133,1.3132052295208303,1.5656024880189454,1.337473740456751,1.5573752917269745,1.5788916029639801,1.2224998206564377,2.0240625140229604,3.318678071789096
IRN,Iran,1.1268305534161247,1.0995496429427434,1.1791779534857376,0.9937889401308944,1.298435788150034,1.0972511983547424,1.0215554864694745,1.0707965586421342,1.1913971928388376,1.1498215056938168
IRQ,Iraq,0.9997683574460215,1.0010319695356045,1.0136766320721287,0.8904056580668386,1.18332123263912,0.9484299462400684,0.9271884183239391,1.0086194838743705,0.9378602273132702,0.7125141929544033
ISL,Iceland,1.1753354697839664,1.219965737774066,0.9853889042061865,1.3758434223633436,0.9469068421762972,1.3549167203129142,1.2957356844972356,1.0936002001340372,1.2961731759149133,1.3609536709363683
ISR,Israel,1.1848043544618383,1.223513970136031,1.0743073249583686,1.2642675373999668,1.0686605101841193,1.2986347766788617,1.2212538262213084,1.0979965626506685,1.3171420882763338,1.4053436552940128
ITA,Italy,1.3984297515269433,1.4087169497263055,1.3646104007135478,1.4228928961095069,1.3098457416594425,1.4654058227212445,1.4265340603000989,1.1928833784293327,1.834934871486398,2.7274612591792735
JAM,Jamaica,0.9558576724089174,0.9382577941527563,0.9637281569458771,1.010982013835749,0.83551052855544,1.0336579701994901,1.0104807334437405,0.986221065928056,0.8572861453762647,0.59534524944867
JOR,Jordan,1.0665545874744964,1.0365237307868445,1.100726509761786,1.074404513932071,1.0120704487464005,1.0826026415254506,1.0374047823748687,1.0417636598030895,1.0673467211332504,0.9228440634847453
JPN,Japan,1.420211375041033,1.4436295113421465,1.3744677942558823,1.4727942229321387,1.343755623241589,1.4417748631942453,1.429296259558268,1.2021375225506141,1.8925410911037863,2.9014020777411558
KAZ,Kazakhstan,1.1197174856403664,1.1224140504454165,1.0999490713478228,1.0387322281212243,1.2778625047300012,1.123463728284575,1.0240903111616655,1.0674115303877505,1.1764033829223064,1.1210624643680875
KEN,Kenya,0.9607413264749232,0.9446715262258959,1.1054926743832436,0.8204613254844216,1.105128649248912,0.8272438998364711,0.8829727272251809,0.9887372492474099,0.8660685914994447,0.6076057290390187
KGZ,Kyrgyzstan,0.9943406050856136,0.9532551137020654,1.0322229739278024,0.9766796977863297,0.9919957711059797,0.9882038910914571,0.9747128795336297,1.0058778551207916,0.927704564933542,0.6971667554447052
KHM,Cambodia,0.8735651003013523,0.8727880042069917,0.9394025905358063,0.7118420209094628,1.0890248346740636,0.7717784249459203,0.7741214991798379,0.9428124250454307,0.7160278172600805,0.41531447864023824
KIR,Kiribati,0.5597619127702035,0.5297121462522376,0.5403630142967922,0.6634976803737478,0.42354648833072606,0.5969930808604645,0.5677773110435202,0.7547086578837237,0.29399912243956594,0.0700179434170351
KNA,Saint Kitts and Nevis,0.9436019352029732,0.8774963299334682,0.9348943448292686,1.12807903462093,0.5099730253119743,1.2039212273980222,1.1441540395922583,0.9798781445153385,0.8354433183374543,0.5653940869961483
KOR,South Korea,1.4555676639354913,1.4616004007850996,1.3699009764947132,1.5748042812041187,1.2827820251595647,1.5498044989994166,1.5529601759659517,1.2170091940915215,1.9879439813527766,3.2012940437345936
KWT,Kuwait,1.1233686390517448,1.129720301279885,1.0655445678809674,1.1697837493707233,1.0414821941797825,1.2074123274374273,1.0957394075128923,1.069150411589053,1.1840878786645548,1.1357562958098315
LAO,Laos,0.8468199287525552,0.8253961909727044,0.9372701486698191,0.7303620417879317,0.9976363523297542,0.7709097179755721,0.7451647005905563,0.9282676052918143,0.6728550002906915,0.3667416635647286
LBN,Lebanon,0.9741622618652136,0.9141350904515824,1.049779748605686,0.9549715881128719,0.8788390406754348,1.0203199074332394,0.9709604427484838,0.9956193082921564,0.8904344355281002,0.6422752343335845
LBR,Liberia,0.6883576115574533,0.6647069670482744,0.802685418176026,0.6290279164415857,0.7692193490708745,0.534972810233397,0.6602544974852217,0.8369214892968978,0.44459807935684803,0.16012253118218647
LBY,Libya,0.9592145600720793,0.9810962374519006,0.922253598328341,0.8721297638770303,1.1725930878408284,0.9017476124036783,0.8930701513229907,0.9879513087532837,0.8633181450795273,0.6037526085023648
LCA,Saint Lucia,0.7697174084786407,0.715314190735624,0.8543069947623951,0.7636704253525404,0.5968961290524117,0.9117751635450603,0.7784638831450184,0.8850000886306107,0.555906768891466,0.2503347883864935
LIE,Liechtenstein,0.9991960833406587,1.0557366800003454,0.7929867299934714,1.2383219160650345,0.6684607536998913,1.241429619068152,1.1284195727703983,1.008330772278631,0.9367868596487476,0.7108842015601274
LKA,Sri Lanka,1.0662781871245484,1.0558796798707222,1.1264017713014103,1.0811985788182583,1.0382844547695504,1.0320058607007463,1.0535002016476585,1.0416286631975344,1.0667935815494833,0.9218878056900289
LSO,Lesotho,0.8331518620043299,0.8123083776249587,0.9290416637736884,0.8365804296698186,0.7993205980672995,0.7144108966059806,0.8603436931641533,0.9207457954182796,0.6513099047368185,0.3436312466546713
LTU,Lithuania,1.2280725143353333,1.2627435130708664,1.103438664919713,1.372047996657309,1.0990433389470553,1.3232524675366133,1.3370306968107413,1.117865789414995,1.4151007695491424,1.6221537562241206
LUX,Luxembourg,1.2788489992167555,1.4027135107686342,1.0657041609265387,1.4058046344195123,1.1607918978395946,1.371159137855479,1.382639919410513,1.1407416373049097,1.5345388222412422,1.907537315620576
LVA,Latvia,1.2552080789089886,1.2521584787830167,1.1863543403611914,1.40040857441101,1.0343359717018243,1.3718799100825134,1.3806085226156466,1.1301485251731052,1.4783279769638746,1.7703489349016988
MAC,Macao,1.1733896388425251,1.129592870246842,1.1243362453200296,1.3149089104320266,0.7888496021125113,1.4520695905705265,1.3109914955187212,1.0926945682400047,1.291884960044697,1.3519634999918926
MAR,Morocco,1.0943183063598687,1.0714623113434756,1.143336817776504,1.0133826520697327,1.1621801301514643,1.0647519670266263,1.0415752865453838,1.0552357397597525,1.1236386596074666,1.022752684879433
MCO,Monaco,1.0107601435164646,1.0581717935343256,0.7571667310637057,1.3756730784007323,0.5638233083266342,1.2992353645772858,1.1809589487030892,1.0141488765734847,0.9585958864667995,0.7443692160850937
MDA,Moldova,1.0199263097024385,1.022169615109797,0.945830600229173,1.154406650311524,0.9144416929062581,1.0723599949567542,1.099514334714504,1.0187369468242709,0.9760609408677567,0.7717402476371006
MDG,Madagascar,0.672768869325974,0.6689703424773221,0.8007223734228717,0.5023007196317073,0.9607308496057545,0.4429719636515327,0.5666166393459277,0.8273906396810232,0.42468910426131623,0.1461031300508473
MDV,Maldives,1.0253053846456102,0.9936087062734776,1.0366904186674903,1.14763849018319,0.7233072033294825,1.1393407421403026,1.1118970016468304,1.0214198152560092,0.9863835492990884,0.788150078956956
MEX,Mexico,1.1862569514824595,1.1820991708231166,1.2418554389038408,0.993496612042745,1.3733847218372544,1.17321745673749,1.1032376633402539,1.0986694408220057,1.320373760284056,1.4122482729847488
MHL,Marshall Islands,0.5904027042850365,0.5924568038296502,0.49176417463357264,0.7689297955373228,0.35987640939620946,0.7000731796302063,0.6886199186971255,0.7750894555842761,0.3270664674872339,0.08665414128933893
MKD,North Macedonia,1.0366819066324717,1.0340610636227705,0.9807297573826219,1.1202249188709235,0.9557649627169825,1.0841961651142518,1.0637106824600597,1.0270708871532177,1.0083942991919055,0.8237170317128483
MLI,Mali,0.6686164291026757,0.7079992052590265,0.708305421165904,0.5414992081786719,1.018391326176681,0.4603609044204234,0.5682756555793954,0.8248332918571238,0.41946278091344114,0.1425292978913452
MLT,Malta,1.2072008865025765,1.2282841450214637,1.0766577134382032,1.420120635589881,0.8794558138200268,1.370150231373271,1.3690172484720593,1.10832577328253,1.3674090049592842,1.5146565017209448
MMR,Myanmar,0.8545046292162674,0.8305634876685476,0.9937099699241967,0.6295818038942352,1.1238625619834166,0.712525982609116,0.7090931318954506,0.932470002779003,0.6851224266397045,0.38023636537301153
MNE,Montenegro,1.0663595243440687,1.0540703176439692,1.0086430396954507,1.2345376633142842,0.8491344631853235,1.1653227023228447,1.1412329549483642,1.0416683908992828,1.0669563408260845,0.9221691295395534
MNG,Mongolia,1.0313115204579304,1.0653884358418644,0.9254686436246463,1.0906847101315433,1.1286210336313929,1.00389190870444,1.0614313325464766,1.0244071340597412,0.9979736682679999,0.8067806012963964
MOZ,Mozambique,0.7313332609468397,0.722754329413547,0.8810573194062059,0.5297035652181972,1.0071848690237482,0.4994893596248104,0.6338321641046641,0.8626513821101685,0.501845454984331,0.20401273252891605
MRT,Mauritania,0.7401118071397326,0.7845628169951738,0.7331019168112339,0.6762155885584629,1.0139814432769652,0.5439955778330139,0.637181824143853,0.8678133484229787,0.5139655492220755,0.21398597073483341
MUS,Mauritius,1.0540792217852066,1.0485947732411898,1.0351098940109849,1.1753162087511038,0.856326239695779,1.1281248404701278,1.1346797896488479,1.0356530439136804,1.0425234900504752,0.8804181372118801
MWI,Malawi,0.7288117049238321,0.7193747999647839,0.8496577212771137,0.6653567710417804,0.8554364345778438,0.525601897217715,0.6810387962192683,0.8611629348272731,0.4983908058840165,0.20121359769931296
MYS,Malaysia,1.293107514272606,1.300995705330664,1.2994869508388704,1.2662023395736448,1.3102784992016887,1.2815244958072443,1.253060650063408,1.147083353729203,1.5689482352493196,1.994042967834385
NAM,Namibia,0.9466603981069616,0.9706974215859546,0.9311174943783145,0.9671733820395396,1.0214096758473485,0.8875876186107443,0.9620249536403512,0.9814648816332102,0.8408678798947928,0.5727601693559771
NER,Niger,0.6477134994290176,0.6739788267237371,0.7313098807700436,0.5167049316366462,0.9680574876835516,0.41053019882039,0.5579095480777584,0.8118375482679838,0.3936454548786083,0.1255242875060642
NGA,Nigeria,0.9656608476187121,0.9784884674485683,1.0823175378005445,0.7484124919438184,1.2861384534527818,0.775568898929456,0.8456865487266374,0.9912654547226416,0.8749607897237167,0.6201467391469174
NIC,Nicaragua,0.7899054808475706,0.7771678175541693,0.8313466730928545,0.664710944241667,0.9771688046520787,0.7385173756067006,0.6989512882453878,0.8965308188453509,0.5854497146740021,0.2776492339754437
NLD,Netherlands,1.4206006052820808,1.4659485257326133,1.2929949231534936,1.524697869722708,1.2647962252316722,1.5264927099707675,1.5174002169855616,1.20230224317987,1.8935785918320054,2.904584076682218
NOR,Norway,1.3711758319914482,1.42386177121916,1.1917667042712397,1.5340835497150582,1.2270283001609361,1.491038030017977,1.4758769557804183,1.1812021659126872,1.7641099275120735,2.5209751816094674
NPL,Nepal,0.9483893745891244,0.9290462747327067,1.0495018458568353,0.9154927808747905,0.9973622716897562,0.8237250033288355,0.9127595609104687,0.9823607443904786,0.8439421997588923,0.5769559935756925
NRU,Nauru,0.8047794663765211,0.7888429543966661,0.6988644235680062,1.1114465748373694,0.3024192523787016,0.9818343142307541,1.0452447689586115,0.9049323277503034,0.6077054318458268,0.2991599959537673
NZL,New Zealand,1.2864213753479545,1.2993438947890907,1.1952074511561492,1.4059382336561348,1.1085565525418573,1.4137212375694084,1.368168609745756,1.1441139570080445,1.5527653804857942,1.9531201549999981
OMN,Oman,1.1487557868229905,1.1655678021627702,1.0941339427947625,1.1745615084387813,1.1504353189912195,1.1684475926136624,1.0991128447826015,1.0811638491410966,1.2382113153924408,1.2419577424369876
PAK,Pakistan,0.9122050948297009,0.9107956390968663,1.0247314443736295,0.715436361390173,1.2096568053343828,0.7334021297546827,0.7593765126872707,0.9634382987444989,0.7807721815033019,0.49381689540065055
PAN,Panama,1.1176906138101501,1.112378951861577,1.116104374213588,1.1371034432283607,1.0572706022220018,1.1854329216495627,1.147873156012686,1.0664449980471333,1.1721482724783912,1.1129672521955791
PER,Peru,1.148084729165327,1.1491185668771131,1.1241124536362113,1.137104727372515,1.2022414110102952,1.14641051997458,1.1548890842490809,1.0808480164484857,1.2367651098510772,1.2390582741029716
PHL,Philippines,1.073934290389718,1.0588117411261875,1.144135341581982,0.9490579282880175,1.2145724448935156,1.0071714639436504,1.0006740412202852,1.0453615317167595,1.0821681883768375,0.9486517421491985
PLW,Palau,0.849784906718676,0.8079368471540493,0.7943057921808735,1.0854463158189684,0.4199385763986471,1.0660973861327632,1.0374299549100212,0.929891261015151,0.6775749950339554,0.37190500533885007
PNG,Papua New Guinea,0.7309695435227472,0.789024957641372,0.7184611032528478,0.6733210512522834,0.9766921096506228,0.5352888571748092,0.6770342502164864,0.8624368421896194,0.5013464087719227,0.20360718473129014
POL,Poland,1.4031914915374037,1.4028475245250573,1.3823660241780549,1.442831417863074,1.2959268712815004,1.464000562054574,1.4560792435477787,1.1949125734463941,1.847452280558853,2.7648001294891937
PRK,North Korea,0.5367698817609803,0.5395190378252611,0.5797818883068708,0.43655278093924477,0.835323914732978,0.3519671292519491,0.43784967614208253,0.7390464402136491,0.27034330774528026,0.05920365630099927
PRT,Portugal,1.3271561077217198,1.3226837220718768,1.2959739974774351,1.4131365596175447,1.1485161800998072,1.416058369364348,1.4006525393399532,1.1620870585404302,1.652659423669332,2.2125037271559442
PRY,Paraguay,1.0086758795003261,1.0115904231368178,0.9840420879853878,1.0144764022715373,1.0724577916567906,0.9967287051288798,0.9950950670402284,1.0131027110567663,0.954646567836876,0.7382483980962079
PSE,Palestine,0.8393159631783097,0.8160212305907498,0.8297454575068052,0.8912117012102132,0.7647685445085375,0.830313208565034,0.8354710116455892,0.924145602481831,0.6609830313900124,0.35391413091268575
QAT,Qatar,1.1683275748719422,1.1750334201133272,1.1319733634081273,1.1839595039655646,1.0716238454242029,1.282259569510578,1.1104105163207405,1.0903350501003566,1.2807624854672939,1.3287842713849074
ROU,Romania,1.2363642376087784,1.2467595740317658,1.2025060564299532,1.2642408809120413,1.2116313142418347,1.2712044610493949,1.231710886884313,1.1216332545124708,1.434274288213708,1.6664094059573982
RUS,Russia,1.1924867272710704,1.1906308732005766,1.2095159330787075,1.0025225624456675,1.456125115094076,1.1846678854125432,1.049730212791931,1.101550562679143,1.3342783893595584,1.442149176522082
RWA,Rwanda,0.744004786790239,0.7013661569908929,0.9101891347642654,0.5995814112699747,0.8580606193531128,0.6295651638312778,0.6530351448353323,0.8700926991638213,0.5193866751882522,0.2185238732257947
SAU,Saudi Arabia,1.2675046623645676,1.2587301206197157,1.248021321260939,1.1756320830039526,1.3593414627366722,1.3374823098633821,1.1937587346078544,1.1356707554532142,1.5074345856036884,1.8407475567058695
SDN,Sudan,0.6899250570432794,0.6780828448784412,0.8348609636915708,0.45059463897689095,1.011105178632061,0.4944466366560563,0.5558129789976691,0.8378738161489302,0.4466251556041587,0.1615859676306298
SEN,Senegal,0.9795312787554881,0.9668584913359513,1.0800712557536414,0.9603857899277749,0.9916350724860651,0.8341516744907344,0.9522517784303074,0.9983591761763699,0.9002765985677254,0.6565521155747691
SGP,Singapore,1.4627218452238409,1.5273477547969314,1.3108784054363587,1.5871670213663536,1.257828628643908,1.5773768734763052,1.5912375992216756,1.2199963558596558,2.0075336756689945,3.2646976043749607
SLB,Solomon Islands,0.6487016263806346,0.685688340698987,0.6134011856980572,0.7252757034271021,0.6674384088296804,0.5274046942150348,0.6980412098284687,0.8124565664332468,0.39484743193746163,0.12629202233074763
SLE,Sierra Leone,0.7070571608919122,0.7044740399445301,0.8116329294511531,0.6543645716626375,0.8409016193587705,0.5242209073795769,0.6573921320167769,0.8482129959086849,0.4690815961973657,0.1782436516308228
SLV,El Salvador,0.8465968167681355,0.8251991163736855,0.9076535394257428,0.7417545454027749,0.9327962113351328,0.8338603114895187,0.7830141920483443,0.9281453117179762,0.6725004922473836,0.36635531399620763
SMR,San Marino,1.1972241974521163,1.2249554482148879,1.067683409115033,1.4595001873141782,0.7352054285165075,1.352725450766855,1.3908259611476037,1.1037364948419974,1.3449009985177285,1.4652033882931175
SOM,Somalia,0.6373084773209705,0.6604132641226083,0.7229839801416874,0.4519133175080241,0.9820439083009389,0.38838358436647996,0.5403015609071387,0.8052903732440891,0.38109981241000723,0.11765076413697276
SRB,Serbia,1.087290227411947,1.0878217089616167,1.0405493841388547,1.092911557753661,1.0926773929915312,1.1368916752097717,1.080281147206688,1.0518417428327782,1.1092522374771219,0.9967308698891623
SSD,South Sudan,0.4493608963430785,0.5033146136772856,0.4778765713357993,0.23821227337341533,0.8596966821915691,0.21061299308734824,0.34194190884241354,0.67620020528956,0.1894653945217227,0.02907884009655361
STP,Sao Tome and Principe,0.6700154872318462,0.6400345598791687,0.6961456408193472,0.7972700736063665,0.46244645419898406,0.7097511006556336,0.72500516183058,0.8256958093120109,0.421220041947309,0.14372599911479872
SUR,Suriname,0.9408408456744949,0.9461978444870109,0.9201242331286573,1.0485294984753686,0.8764036184361564,0.9440926416070063,0.9505875592206227,0.9784434752659832,0.8305612619837262,0.5588054396694383
SVK,Slovakia,1.192902357825034,1.254166563460335,1.0465346090728633,1.3118131674151383,1.1488133963514704,1.246544302962965,1.267299643190884,1.1017425137395735,1.3352086529810818,1.444160820573605
SVN,Slovenia,1.2091209934716811,1.2581886842605188,1.0321711806321234,1.4111023322476457,1.0467822851824975,1.3220558655014134,1.3331123073360187,1.109206843917191,1.3717623145598312,1.5243160325429803
SWE,Sweden,1.381174193661002,1.4247046173195435,1.2465901734348883,1.494888671823197,1.258630150721721,1.4812985580329066,1.4721312028361129,1.185500898095104,1.7899308557305995,2.595313295799649
SWZ,Swaziland,0.6935092536464394,0.6938375817219138,0.7046044679223602,0.6405462421878293,0.8140738201914535,0.6668422788557801,0.6140704816076543,0.8400473958968009,0.4512776912645833,0.16497001428113947
SYC,Seychelles,0.9610678958340393,0.9554448130922961,0.9201959290330844,1.131892386631936,0.6682623550100673,1.1032073650990164,1.0567429766734815,0.9889052777514279,0.8666574691218776,0.6084322849592357
SYR,Syria,0.8089574328551299,0.7545188133055301,0.9787346842128132,0.6361694493730999,0.9633396395973931,0.7120895723645629,0.733828008741602,0.9072782391848259,0.6140315460067506,0.30542082760158534
TCD,Chad,0.5411533595542493,0.6027713545295752,0.555578822675972,0.39536327910778635,0.986257591477736,0.2694038587162751,0.41730781359022096,0.7420579789409597,0.2747768003757053,0.06116139838007007
TGO,Togo,0.7384021245825936,0.7021858552753735,0.8740295349127534,0.6173174722916165,0.8491506239293491,0.6253110521188001,0.6640696356134679,0.8668104302409674,0.511593737308311,0.21201555303500524
THA,Thailand,1.2526227062655755,1.2310622522599777,1.3264610997942698,1.1154696547452867,1.336736352047813,1.2426888306835808,1.1954081767718694,1.1289840325169633,1.4722443759638242,1.7558082697452788
TJK,Tajikistan,0.8151685377252716,0.7808373923593608,0.8900269009335866,0.7294541287282632,0.9337937106080664,0.7314630552471854,0.7275229551369382,0.9107545809201522,0.6234967050814264,0.3149093878948866
TKM,Turkmenistan,0.7984640237029077,0.8164292432684985,0.8423248032137766,0.6691113704307572,1.049114857935373,0.6940092773862444,0.6629501254893821,0.9013746422072849,0.5982050157521188,0.28987941920375476
TLS,Timor-Leste,0.8202048528807991,0.7836313565555123,0.9115334832318042,0.8753276889914994,0.716514646565647,0.7587313077858479,0.8780292149064423,0.9135636835878733,0.631224741680371,0.32276416334013613
TON,Tonga,0.7336717676160089,0.6842156158861809,0.7388791588688308,0.8689750603796395,0.45007693557107864,0.8336640376193966,0.8026314594664157,0.8640294856723493,0.50505998194353,0.2066346742881468
TTO,Trinidad and Tobago,0.982672177066264,0.9951234884523662,0.9360736580281133,1.0749363457557373,0.8702162841088141,1.0695015615806052,1.0284247759552905,0.9999585303898211,0.9060593863720029,0.6650137268977566
TUN,Tunisia,1.0455218439516403,1.0241949249971936,1.097755880814262,0.997058200847059,1.0782166190069993,1.0332305564311521,1.0154827967207447,1.0314405830485727,1.0256650713248465,0.852174264171564
TUR,Turkey,1.251543764862697,1.2178735997033079,1.276520699173366,1.1320960014657202,1.330589344639394,1.3105963386460975,1.2104798799618641,1.1284977048997975,1.4697092450016058,1.7497666483867076
TUV,Tuvalu,0.4247272310918626,0.3980990070638774,0.4186803492870941,0.5518084273274462,0.16999398808380986,0.5269595007214112,0.5027119076448539,0.6574045610641407,0.16926203459195804,0.02320792948042311
TWN,Taiwan,1.4207660277658327,1.4246886066107525,1.3702103688474336,1.5157991614425195,1.248739792379342,1.511429431469078,1.506156733763102,1.2023722424579883,1.8940196147492003,2.9059372154663112
TZA,Tanzania,0.9128489787924343,0.8880083223901257,1.095947314456883,0.7329014487065013,1.0963367455383735,0.746139207938336,0.8117986013505986,0.9637782623359734,0.7818747934378016,0.495212623579495
UGA,Uganda,0.6972768046557778,0.7037128130172174,0.8165418641303827,0.4955822041777431,1.0107118625253073,0.5113639335810859,0.5772322537218062,0.84232612152618,0.45619422262541454,0.16858419020546306
UKR,Ukraine,1.1174607895770023,1.1105308471512672,1.0914725513126284,1.0956378609921948,1.2061736390043494,1.1145553518962144,1.1168381463588146,1.0663353489628975,1.171666277947568,1.11205212252029
URY,Uruguay,1.2003089999465235,1.1816343718265119,1.1633877956533036,1.2985384913598461,1.0212053948009585,1.324164154093584,1.2946705639698821,1.1051575397424984,1.3518405489603542,1.4803629953852948
USA,United States,1.4461796083039329,1.50196420158718,1.3481413875542079,1.3867589553831687,1.5505314900510816,1.5031579303580624,1.4334053015969932,1.2130781393449939,1.9623831730355097,3.1194993878052437
UZB,Uzbekistan,1.0412556749078326,1.0085181894377921,1.0815858418084912,0.9577593151780401,1.1433243366878223,1.012025639106756,0.9643228395745298,1.0293340762062604,1.0173118583647909,0.838350245928422
VAT,Vatican,0.8779280434462068,0.7525840350778419,0.9428864968641446,1.0598062957484566,0.2989963838073801,1.2184239994748698,0.9980296433145295,0.945163889030447,0.7231979523705904,0.4236738486381864
VCT,Saint Vincent and the Grenadines,0.7551291093722328,0.6920286766566976,0.789649377875523,0.8224109876848753,0.5149288372214308,0.9336760504356731,0.8123997248208146,0.8765733558199099,0.5350344771873908,0.23188935856659695
VEN,Venezuela,0.8177000466795353,0.7808162100428541,0.8988606118455073,0.6630538384103338,1.0327836552708587,0.7609898596214507,0.6787866954691727,0.9121676605746668,0.6273752608962024,0.31883945700268723
VNM,Vietnam,1.1449171085522365,1.1587648353013567,1.1736350881986102,0.9786830983003879,1.3620287877678785,1.0725549871374325,1.0486601196400112,1.0793559308984202,1.2299499364937556,1.2254402790333507
VUT,Vanuatu,0.7229719377652856,0.7303947424711782,0.7475708207615364,0.8195932205597786,0.5758491463686426,0.6596836571811914,0.7893010063868007,0.8577058652346304,0.4904358683358238,0.19484162025213392
WSM,Samoa,0.6037404128459734,0.6036981929491086,0.6181928274986817,0.6453752404731037,0.554740090272866,0.6026983093324416,0.6219803672371389,0.7837955318692414,0.34201081463868427,0.09475387076101906
XKX,Kosovo,1.0200941121441325,0.9903745262765631,1.0322357247155745,1.092001254144889,0.8637860422103226,1.0827342927157793,1.0627809124016143,1.0188207467590638,0.9763821383520923,0.7722482524172828
YEM,Yemen,0.6570273395021806,0.6536348149297977,0.8007249556964011,0.4265410056948304,1.0116426413783335,0.43327933815170633,0.5138447411459659,0.8176536511012984,0.4050477526082728,0.13290145510388635
ZAF,South Africa,1.1232861060794799,1.1189670298005703,1.1835665740500754,1.0231550275084618,1.2396371741941394,1.0830669562207749,1.0740661919588277,1.0691111360658672,1.1839138971259633,1.1354225602580243
ZMB,Zambia,0.8338676635661856,0.8348651947821558,0.9563660537236593,0.7150119791632423,1.0236240693512237,0.6560880004786643,0.7673337771927324,0.9211412393998385,0.6524295299568342,0.3448136911308574
ZWE,Zimbabwe,0.7252305957098419,0.7440300834232889,0.7703516237594242,0.5856118007228144,0.9960917575057878,0.588075700782747,0.6089556960116355,0.8590446125347447,0.49350502539004515,0.19728789597643057
