iso3,gdp_pc_ppp,gdp_total_ppp,population,tourist_arrivals,hdi,rule_of_law,region,income_group,log_gdp_pc,log_gdp_total,log_population,log_tourist_arrivals,n_gdp_pc,n_gdp_total,n_hdi,n_population,n_tourist_arrivals,n_rule_of_law,composite_raw,weight
ALB,26701.6749563776,63473299185.7041,2349580.0,2658000.0,0.81,0.592,Europe & Central Asia,Upper middle income,10.192481574869342,24.873885169151837,14.669747146743155,14.793084518255327,0.591183965325903,0.5208884330962599,0.7226027397260275,0.550795269075166,0.6356537138391589,0.5904954499494438,0.6007374752612088,1.080880736495534
DZA,17620.7423956126,824902861696.865,47435312.0,591000.0,0.763,0.25,Middle East & North Africa,Upper middle income,9.776832032292276,27.438531472951055,17.67487748820922,13.289571296388235,0.5129455235696725,0.7128895318169436,0.642123287671233,0.760585920304686,0.49094497027298667,0.24469160768452983,0.5361252831713853,0.9646268374986839
AND,74939.4746038578,6140390670.0909,82904.0,5207000.0,0.913,0.9255,Europe & Central Asia,High income,11.224436061432494,22.53815420413198,11.325438590864053,15.465514432145037,0.7854305666609257,0.34602497885097433,0.8989726027397261,0.3173263042954047,0.7003731233927726,0.9277047522750252,0.6922546606629993,1.2455436164266958
AGO,10118.6089945408,383352092457.214,39040039.0,218000.0,0.616,0.381,Sub-Saharan Africa,Lower middle income,9.222131482261853,26.672219705283133,17.480098318484078,12.292250341771226,0.40853326701664694,0.6555199439962485,0.3904109589041096,0.7469882242917245,0.3949557497088852,0.37714863498483314,0.4758044643810754,0.8560942193001368
ATG,33386.1917127894,3130689969.29169,94209.0,384500.0,0.851,0.9255,Latin America & Caribbean,High income,10.415897671709677,21.864519254679088,11.453270997401939,12.859699067927835,0.6332379687338485,0.2955935995843644,0.7928082191780822,0.3262503910299377,0.4495710274504246,0.9277047522750252,0.5970420775989072,1.0742317686662244
ARG,30431.1931223693,1390588639479.49,45851378.0,7399000.0,0.865,0.577,Latin America & Caribbean,Upper middle income,10.323223450875883,27.960748255068026,17.640915810740747,15.816855413907687,0.6157937377500876,0.7519850576944519,0.8167808219178082,0.7582150273238903,0.7341886637516674,0.5753286147623862,0.6943645812253081,1.249339904464734
ARM,22823.1795255693,69234115090.8145,3086700.0,375000.0,0.811,0.453,Europe & Central Asia,Upper middle income,10.035531944366426,24.960759570730914,14.94261311703201,12.834681304952548,0.5616410613481184,0.5273922463235168,0.7243150684931507,0.5698442696510767,0.44716314104521276,0.4499494438827098,0.5411876850072233,0.9737353963119619
AUS,72111.1844628126,1961194326932.44,27614411.0,1828000.0,0.958,0.99,East Asia & Pacific,High income,11.185964435553363,28.304574754068092,17.13384833210209,14.418733030996233,0.7781889851065473,0.7777254747958297,0.976027397260274,0.7228162244523259,0.5996234797278023,0.9929221435793731,0.8184058448960084,1.4725219398020937
AUT,73911.439663136,678357862822.348,9208163.0,15091000.0,0.93,0.932,Europe & Central Asia,High income,11.210622894186656,27.242940806910056,16.03560093122544,16.529609097600687,0.782830489984955,0.6982467240645643,0.9280821917808221,0.6461466589889397,0.8027891180338662,0.9342770475227503,0.809007890003959,1.455612609481302
AZE,25088.9993757134,255978795500.51,10246996.0,796000.0,0.789,0.053,Europe & Central Asia,Upper middle income,10.130184757166754,26.26836044791924,16.142495147423624,13.58735446482652,0.5794577261648945,0.6252852012843515,0.6866438356164385,0.6536090332225798,0.5196057279790917,0.0455005055611729,0.4954304749612821,0.8914064440971319
BHS,41197.9342548477,16532030651.588,403033.0,1794500.0,0.82,0.9255,Latin America & Caribbean,High income,10.62614339463515,23.528565587670393,12.906773723432435,14.400236989569798,0.6728128895809015,0.4201716842049048,0.7397260273972602,0.4277206265302916,0.5978432899184679,0.9277047522750252,0.6525981495700747,1.1741913857400288
BHR,66941.2430367989,106347544575.271,1600366.0,1909000.0,0.899,0.245,Middle East & North Africa,High income,11.11157054401028,25.389978290176344,14.285742911050718,14.462090102707885,0.7641856925384254,0.5595255138243516,0.8750000000000001,0.5239876136569624,0.6037964708800252,0.2396359959555106,0.590980876035639,1.0633261130686533
BGD,9646.76984383255,1674316179059.49,175686899.0,323000.0,0.685,0.311,South Asia,Lower middle income,9.174378407088973,28.146425946540557,18.9842139857785,12.685407602204794,0.39954462199750435,0.7658857350384718,0.5085616438356165,0.851991791362389,0.4327959844030696,0.3063700707785642,0.5134360866741305,0.9238031558900393
BRB,24822.5343309908,7011546804.87199,282623.0,966000.0,0.811,0.927,Latin America & Caribbean,High income,10.119507161966146,22.670824170552184,12.551869133040416,13.780919113194654,0.5774478637095677,0.35595725656201005,0.7243150684931507,0.40294444157907106,0.5382357584017019,0.9292214357937311,0.606632191548148,1.0914868423970987
BLR,33010.3307605357,301471104003.261,9085991.0,3598000.0,0.824,0.116,Europe & Central Asia,Upper middle income,10.404575844807209,26.431940007735427,16.022244334766107,15.095888693492615,0.6311068414163712,0.6375315118833715,0.7465753424657534,0.6452142238693216,0.6647977287423099,0.10920121334681498,0.5516668029881132,0.9925900162207381
BEL,73514.4831045258,871779584488.161,11941781.0,2584000.0,0.951,0.964,Europe & Central Asia,High income,11.205237714830483,27.493802458821264,16.295553817284176,14.76484914388463,0.781816828238108,0.7170273694590134,0.9640410958904109,0.6642941864032249,0.632936141762054,0.9666329625884732,0.8003672255208931,1.4400658387621852
BLZ,14346.5188049737,5983531291.028,422924.0,487000.0,0.721,0.453,Latin America & Caribbean,Upper middle income,9.571262599769677,22.512276747516776,12.954947772855268,13.096019402064726,0.47425082905957633,0.3440876746329011,0.5702054794520548,0.4310836970305378,0.4723161673898129,0.4499494438827098,0.45574746933290483,0.8200065429484535
BEN,4434.5642184028,64135878351.0355,14814460.0,337000.0,0.515,0.77,Sub-Saharan Africa,Lower middle income,8.397184630254733,24.88426976895075,16.511114288781123,12.727838209334498,0.25325207548068407,0.5216658715166037,0.21746575342465754,0.679342642395528,0.4368798060530479,0.7704752275025278,0.46979645714045337,0.8452842739270929
BTN,16215.1520073153,12751352311.2726,796682.0,29799.9992370605,0.698,0.871,South Asia,Lower middle income,9.693701393185009,23.26890316655572,13.58821088191629,10.302263646891499,0.49729769769784143,0.40073217315941095,0.5308219178082191,0.47529232193321985,0.20342535932639133,0.8725985844287159,0.5137233253114758,0.9243199718415473
BOL,12877.6351184372,159854141180.224,12581843.0,323299.987792969,0.733,0.281,Latin America & Caribbean,Lower middle income,9.463247373983195,25.797527618780588,16.34776530089088,12.686335925955927,0.4539189338310021,0.5900365120695964,0.5907534246575342,0.6679391135454421,0.43288533284490255,0.276036400404449,0.4816157426761474,0.8665501988623021
BIH,25043.0886396127,79242668357.1604,3140095.0,197000.0,0.804,0.462,Europe & Central Asia,Upper middle income,10.128353165834612,25.095780732580824,14.95976361220384,12.190959007720126,0.5791129625188852,0.5375005452290315,0.7123287671232877,0.5710415599986399,0.3852067555055128,0.4590495449949444,0.5376993432885534,0.9674589752107404
BWA,20538.1320178889,51779485617.4484,2562122.0,1830000.0,0.731,0.822,Sub-Saharan Africa,Upper middle income,9.930038535719317,24.67025987721985,14.756346379352685,14.419826524817603,0.541783852178755,0.5056441166693337,0.5873287671232876,0.556840833606742,0.5997287253050851,0.8230535894843276,0.6085618136016018,1.094958727192347
BRA,22338.4765640635,4735725154575.41,212812405.0,6353000.0,0.786,0.862,Latin America & Caribbean,Upper middle income,10.014065877104711,29.18615597858627,19.175921607905657,15.664437700248671,0.55760046589172,0.8437246589594591,0.6815068493150686,0.865375060080144,0.7195189052686425,0.8634984833164813,0.7439336069677485,1.3385272903999272
BRN,89879.3614980758,41589068031.7511,466330.0,1071000.0,0.837,0.9255,East Asia & Pacific,High income,11.406223622336292,24.4511031819806,13.05264881699113,13.884103349429886,0.8196487578024255,0.48923704867886825,0.7688356164383562,0.43790428826821004,0.5481669388956739,0.9277047522750252,0.6952671580606605,1.2509638715963256
BGR,41969.4515718999,270342906713.719,6433302.0,4973000.0,0.845,0.56,Europe & Central Asia,High income,10.644697289096678,26.322957015011017,15.676998494728823,15.419533837696875,0.6763053216480205,0.6293725488661487,0.7825342465753424,0.6211123243223057,0.6959476258618918,0.558139534883721,0.6575856498330311,1.1831651774202498
BFA,2895.89152033665,68194715212.1648,24074580.0,67000.0,0.459,0.482,Sub-Saharan Africa,Low income,7.9710482943567325,24.945632909235655,16.996667070013423,11.112447898373103,0.1730396862412864,0.5262597955747476,0.12157534246575344,0.7132394863278727,0.28140322036801957,0.4792719919110212,0.36042062561659505,0.6484891109802253
BDI,1194.94681370387,16786357120.2939,14390003.0,299000.0,0.439,0.083,Sub-Saharan Africa,Low income,7.085856956014351,23.543832317270166,16.482044287341637,12.608198852372823,0.006418569473957511,0.4213146210896853,0.08732876712328766,0.6773132413911584,0.42536486838892185,0.07583417593528818,0.2370509217334189,0.42651538387671495
KHM,7966.87352428705,140526096687.068,17847982.0,1306000.0,0.606,0.068,East Asia & Pacific,Lower middle income,8.983047414306077,25.668659050017354,16.697401006577635,14.082479588818513,0.36353005395011884,0.5803888242943077,0.3732876712328767,0.6923474732684792,0.5672600708600619,0.06066734074823054,0.4068969770324363,0.732111982894678
CMR,5588.98645861945,162772210840.299,29879337.0,1021000.0,0.588,0.086,Sub-Saharan Africa,Lower middle income,8.6285532364039,25.81561758086063,17.212677729227696,13.836293097146802,0.29680299365128565,0.5913908089915688,0.34246575342465746,0.7283193702995517,0.543565342157552,0.07886754297269968,0.39325711418359177,0.7075703726091758
CAN,64610.3795171971,2667672051123.37,41651653.0,32430000.0,0.939,0.963,North America,High income,11.076130350504888,28.61222731705767,17.544851613664733,17.2945944782835,0.7575147228118387,0.8007577463534041,0.9434931506849314,0.751508705742316,0.876416720156068,0.9656218402426693,0.8520513526111326,1.533058834296776
CPV,11195.1205312923,5876061279.10313,527326.0,180000.0,0.668,0.798,Sub-Saharan Africa,Upper middle income,9.32323329550391,22.494152523914202,13.175574232097397,12.100712129872347,0.4275638384873742,0.34273081273736467,0.47945205479452063,0.4464858138453075,0.3765207578606738,0.7987866531850354,0.48855742467976493,0.8790400645117282
CAF,1263.10234213699,6733207024.20623,5513282.0,87000.0,0.414,0.118,Sub-Saharan Africa,Low income,7.141326150054982,22.63031739372826,15.522670648086574,11.37366339763672,0.016859633068796703,0.35292473482819203,0.04452054794520543,0.6103385688538052,0.30654444702880507,0.11122345803842264,0.20317386928337647,0.3655618810399257
TCD,2742.65952183613,55673582980.8728,21003705.0,10399.9996185303,0.416,0.016,Sub-Saharan Africa,Low income,7.916683357034304,24.742771598142646,16.860209408697436,9.249561048449685,0.16280647882354146,0.5110726742317081,0.047945205479452004,0.7037132633758353,0.10210581776613369,0.008088978766430738,0.2223072822805941,0.39998779649178506
CHL,36181.156616977,715112275049.686,19859921.0,5431000.0,0.878,0.951,Latin America & Caribbean,High income,10.496293726845632,27.295705395354325,16.804214238728473,15.507633837016982,0.6483710590728541,0.7021969213841076,0.839041095890411,0.6998041939383461,0.7044269927370043,0.9534883720930232,0.7612353859517187,1.369657626663276
CHN,27104.8702677463,38190084585497.8,1406585000.0,30402000.0,0.797,0.209,East Asia & Pacific,Upper middle income,10.20746870539803,31.273597032023375,21.064430617768817,17.230018953686102,0.5940050191677808,1.0,0.7003424657534247,0.9972134464440195,0.8702015150659448,0.20323559150657228,0.6866311642855336,1.2354255046782783
COL,22349.436440123,1181980408417.77,53425635.0,1396000.0,0.788,0.749,Latin America & Caribbean,Upper middle income,10.014556384516782,27.798212459832424,17.793801244920093,14.149121562304455,0.557692794961427,0.7398168880640252,0.6849315068493151,0.7688880867773934,0.5736741656027373,0.7492416582406471,0.6713874459367151,1.2079981471480405
COM,3958.53228789687,3430574919.59549,882847.0,7000.0,0.603,0.175,Sub-Saharan Africa,Lower middle income,8.283628601177154,21.955993699120846,13.690907191639425,8.85366542803745,0.23187722513928696,0.3024417929635699,0.3681506849315068,0.48246163682063153,0.06400202394511129,0.16885743174924164,0.2522930686274899,0.4539399139569685
COG,7026.36223281494,44497677992.2899,6484437.0,158000.0,0.649,0.182,Sub-Saharan Africa,Lower middle income,8.857424387547892,24.518702844808644,15.684915556235373,11.970350312009105,0.33988381148988744,0.4942978672084663,0.44691780821917815,0.6216650209778767,0.36397381474263074,0.17593528816986853,0.38273535780133194,0.6886390352846006
COD,1821.04868718058,198997398918.247,112832473.0,351000.0,0.522,0.108,Sub-Saharan Africa,Low income,7.507167815877926,26.016557590822902,18.541414736804064,12.768541502448002,0.08572265090354808,0.6064340929845893,0.22945205479452058,0.821079607113845,0.44079737878855485,0.10111223458038424,0.33088494260092927,0.5953468448064857
CRI,31106.7643556729,159574901535.81,5152950.0,1146500.0,0.833,0.935,Latin America & Caribbean,High income,10.345180577914734,25.795779251048142,15.455079924177705,13.952224381280097,0.6199267662488374,0.589905621301111,0.761986301369863,0.6056200041412347,0.5547233886735041,0.9373104145601618,0.6880974372416051,1.2380637056527937
CIV,7669.23195715687,244911017243.198,32711547.0,668000.0,0.582,0.395,Sub-Saharan Africa,Lower middle income,8.94497175338346,26.224160786594165,17.303238692801603,13.412043452518782,0.35636300557336803,0.6219762134036738,0.33219178082191775,0.7346415065683147,0.50273255655938,0.391304347826087,0.46731925046804573,0.8408271440113018
HRV,49550.7921506017,191573272612.656,3876200.0,21608000.0,0.889,0.802,Europe & Central Asia,High income,10.810753526524426,25.978536196994153,15.170365850248784,16.88857417445459,0.7075623782050857,0.6035876383373354,0.8578767123287672,0.5857438775854001,0.8373384552130604,0.8028311425682508,0.7377323895093035,1.3273697103093254
CUB,12300.0,137000000000.0,10937203.0,1086000.0,0.762,0.123,Latin America & Caribbean,Upper middle income,9.417354541360508,25.643246762774535,16.20768065499361,13.898011779476018,0.44528044552684903,0.578486344773292,0.6404109589041096,0.6581596877799334,0.5495055845475255,0.11627906976744186,0.4696485043243263,0.8450180688783859
CYP,63006.61328125,61312679637.1462,1370754.0,4117000.0,0.913,0.88,Europe & Central Asia,High income,11.050994972582673,24.839252504129412,14.130871511372561,15.230635300752041,0.7527834465799553,0.5182956741157796,0.8989726027397261,0.5131759122984593,0.6777666949959633,0.8816986855409504,0.7230738025868199,1.3009951542324487
CZE,57285.4237001379,624699149441.868,10886878.0,37202000.0,0.915,0.945,Europe & Central Asia,High income,10.955801484654357,27.160536009898454,16.203068768774994,17.431873081239033,0.7348650095363944,0.6920775257846127,0.9023972602739727,0.6578377281631242,0.8896293835788381,0.9474216380182001,0.8103163537371112,1.4579668712042821
DNK,81878.2349849181,489385555478.976,6009169.0,15595000.0,0.962,0.997,Europe & Central Asia,High income,11.31298848342318,26.916416472764563,15.608797027400525,16.56246090802404,0.8020989442256787,0.6738016257981476,0.982876712328767,0.6163511231031159,0.8059510085587357,1.0,0.8277053308167528,1.4892540991977987
DJI,7810.27869066792,9128044531.91479,1184076.0,63000.0,0.513,0.295,Middle East & North Africa,Lower middle income,8.963195926021397,22.9346173281002,13.984473281555239,11.05089000537367,0.3597933735238498,0.37570601334347636,0.21404109589041098,0.5029557299827593,0.2754784534800591,0.2901921132457027,0.32854355263005974,0.5911340839577701
DMA,21300.6848698089,1410211841.8057,65871.0,140000.0,0.761,0.453,Latin America & Caribbean,Upper middle income,9.966494504692758,21.067005772466615,11.095453562937447,11.84939770159144,0.5486460231016705,0.23588810935652318,0.6386986301369864,0.30127085800876424,0.35233248028010206,0.4499494438827098,0.43193362590652334,0.7771593331746594
DOM,27541.6625283384,314733918417.351,11520487.0,2748000.0,0.776,0.564,Latin America & Caribbean,Upper middle income,10.223455138228864,26.474993415372083,16.259637486644042,14.826383932324378,0.5970141734331033,0.6407546859942272,0.6643835616438357,0.6617868374570582,0.6388586849038218,0.5621840242669363,0.6207807872154854,1.116943793453198
ECU,15840.2668567412,287270811094.559,18289896.0,2108000.0,0.777,0.372,Latin America & Caribbean,Upper middle income,9.670310512242997,26.383691200466295,16.721859334183577,14.56125018864339,0.4928947911894836,0.6339193865022176,0.666095890410959,0.6940549294828184,0.6133403386950494,0.36804853387259856,0.5574729777207884,1.003036813165688
EGY,19094.1449444111,2225198389821.18,118365995.0,13026000.0,0.754,0.321,Middle East & North Africa,Lower middle income,9.857137019626427,28.430867191536457,18.58929203477121,16.382457918088484,0.5280614720567631,0.7871803016536769,0.6267123287671234,0.8244219611478922,0.7886262480359238,0.31648129423660265,0.6159052196327165,1.1081713973622007
SLV,13264.027090968,84069963659.7839,6365503.0,707000.0,0.678,0.082,Latin America & Caribbean,Upper middle income,9.492810919816296,25.15491518983212,15.666403812774277,13.468785944878709,0.45948373186838204,0.5419276199284474,0.4965753424657535,0.6203727007538553,0.5081938552408917,0.07482305358948434,0.4263506530474437,0.7671141336253342
GNQ,17566.7600284073,33245374421.9212,1938431.0,733500.0,0.674,0.046,Sub-Saharan Africa,Upper middle income,9.773763760557314,24.227181479240677,14.477389440927766,13.505582876565173,0.5123679774043627,0.47247325053259676,0.48972602739726034,0.5373666174738715,0.5117354521314238,0.03842264914054601,0.4094065536296262,0.7366273546042307
ERI,1742.32363018235,5224331270.24732,3607003.0,142000.0,0.503,0.064,Sub-Saharan Africa,Low income,7.462974920973833,22.37659264005077,15.098387791601438,11.863582336583399,0.07740414485502523,0.3339297446002817,0.1969178082191781,0.5807190293818122,0.3536977098489395,0.056622851365015166,0.22912506681755818,0.4122547388335748
EST,49968.7108278373,68574110586.1851,1366475.0,1695000.0,0.905,0.985,Europe & Central Asia,High income,10.819152305082845,24.951180903743353,14.127744989268892,14.343193298796688,0.7091432950106047,0.5266751437027121,0.8852739726027398,0.5129576471872388,0.5923530017719473,0.9878665318503539,0.7213261680138189,1.2978507115729176
SWZ,11799.2028793201,14664308920.8823,1256174.0,345299.987792969,0.695,0.225,Sub-Saharan Africa,Lower middle income,9.375787255571986,23.408682413879642,14.043581151447038,12.752168848026125,0.43745616248309493,0.41119668400630094,0.5256849315068493,0.5070820995935166,0.4392215587586579,0.21941354903943378,0.40958265217447953,0.736944201034985
ETH,3287.53492158893,434151095749.397,135472051.0,518000.0,0.497,0.315,Sub-Saharan Africa,Low income,8.097893298966158,26.79665845734576,18.72427591132568,13.15773052124162,0.1969159437337706,0.6648359955250934,0.18664383561643835,0.8338452979586451,0.47825568184852907,0.3104145601617796,0.40819435626391193,0.7344463007572712
FJI,15450.2993265388,14349990809.7,933154.0,168000.0,0.731,0.749,East Asia & Pacific,Upper middle income,9.645383656024226,23.387015138712812,13.746325525158376,12.031719258385396,0.4882027653632392,0.4095745731397256,0.5873287671232876,0.48633043682526744,0.3698803960715696,0.7492416582406471,0.523190781354948,0.9413543525526189
FIN,65378.3841859721,367420700448.97,5646436.0,896000.0,0.948,0.985,Europe & Central Asia,High income,11.08794696577843,26.629773351223974,15.546535107626655,13.705695691957068,0.7597389850114378,0.6523422166800207,0.958904109589041,0.612004566644008,0.5309957244494083,0.9878665318503539,0.766822913845159,1.3797110218872466
FRA,62556.91810454,4288380142651.84,68720337.0,117109000.0,0.92,0.967,Europe & Central Asia,High income,11.043832110970882,29.086930188438306,18.04555573958634,18.578615683001416,0.7514351685870398,0.8362961645500683,0.9109589041095891,0.786463277662533,1.0,0.9696663296258847,0.8750724760160298,1.5744797375124782
GAB,21510.1725307344,54613295567.2531,2593130.0,526000.0,0.733,0.416,Sub-Saharan Africa,Upper middle income,9.976281243184252,24.723543198611623,14.768376198242875,13.173056491719846,0.5504881980375619,0.5096331486990342,0.5907534246575342,0.5576806452795743,0.47973076161475975,0.4125379170879676,0.5116896462204849,0.9206608617573795
GMB,3475.61245701341,9592648674.00752,2822093.0,246000.0,0.524,0.796,Sub-Saharan Africa,Low income,8.153525989091845,22.98426287894964,14.852989366202696,12.4130868149145,0.20738778248319972,0.379422705308199,0.23287671232876717,0.5635875609843433,0.40658590629893915,0.7967644084934278,0.42555242969305557,0.7656779251603907
GEO,28285.0732802982,104642240849.64,3935766.0,1513000.0,0.844,0.543,Europe & Central Asia,Upper middle income,10.250089498556937,25.373813139273484,15.185616084167474,14.229604992770494,0.6020276057499595,0.5583153170304556,0.7808219178082192,0.5868085091127114,0.5814204600358337,0.5409504550050557,0.6041501289193634,1.0870209753708038
DEU,73551.9347696836,6142807000522.21,83491249.0,12449000.0,0.959,0.991,Europe & Central Asia,High income,11.205747031185757,29.446302919827797,18.24025238193372,16.337150856363923,0.7819126977481538,0.8632004433875907,0.9777397260273972,0.8000552123705399,0.7842655760568011,0.993933265925177,0.8704898430490793,1.5662344058986106
GHA,8019.99702389611,276107757820.439,35064272.0,897000.0,0.628,0.568,Sub-Saharan Africa,Lower middle income,8.989693329775218,26.344057053352465,17.37269327829459,13.706811141040934,0.3647810262647409,0.6309521938014386,0.4109589041095891,0.7394901890099361,0.5311030831563959,0.5662285136501516,0.5223272403834237,0.9398006209481615
GRC,44327.2097808276,461230557615.621,10413962.0,7406000.0,0.908,0.808,Europe & Central Asia,High income,10.69935398375112,26.8571638799019,16.158657963764195,15.817801040455695,0.6865934470596268,0.6693657069290124,0.8904109589041097,0.6547373728885849,0.7342796775370167,0.8088978766430739,0.7424932936839823,1.3359357975314916
GRD,20177.8094927386,2364980517.21541,117303.0,217000.0,0.791,0.453,Latin America & Caribbean,Upper middle income,9.912338739588568,21.58403562089249,11.67251560976209,12.287652632522597,0.5384521885371043,0.27459531776264895,0.690068493150685,0.3415560399633416,0.3945132336611545,0.4499494438827098,0.4547193904700918,0.8181567654929525
GTM,14368.6605681815,264474724767.092,18687881.0,594000.0,0.662,0.695,Latin America & Caribbean,Upper middle income,9.572804764442118,26.301011525142243,16.743385796867212,13.294634598344782,0.47454111341825805,0.6277296095803195,0.46917808219178087,0.6955577097658409,0.49143229825505663,0.6946410515672395,0.569965913033532,1.025514806761739
GIN,4565.3007888456,67360031599.7472,15099727.0,99000.0,0.5,0.106,Sub-Saharan Africa,Lower middle income,8.426239681076497,24.93331767599776,16.53018722215152,11.502875129116727,0.2587211586110268,0.525337821145301,0.1917808219178082,0.6806741397543682,0.31898069770125465,0.09908998988877654,0.31597910259663164,0.5685274170440936
GNB,3119.37157047437,6866834845.4069,2249515.0,52400.0015258789,0.514,0.169,Sub-Saharan Africa,Low income,8.045386840796098,22.64996911582346,14.62622519538961,10.866661899428959,0.18703256110355282,0.3543959522153392,0.21575342465753425,0.547756965414505,0.2577470379174286,0.16279069767441862,0.26329734030412133,0.4737394200045353
GUY,80155.03939277,66615811223.819,835986.0,86400.0015258789,0.776,0.52,Latin America & Caribbean,High income,11.29171803058108,24.922207792079515,13.636367145515132,11.366742972452782,0.7980951696142663,0.5245060846536833,0.6643835616438357,0.47865415079028467,0.30587837637591925,0.5176946410515673,0.5669356665451067,1.0200626164272708
HTI,3193.67136419915,37597678174.3023,11906095.0,938000.0,0.554,0.171,Latin America & Caribbean,Lower middle income,8.06892643187172,24.350208134752158,16.292561011833804,13.751505227988362,0.1914634595809499,0.4816835860845765,0.28424657534246583,0.6640852561629045,0.5354047581087238,0.1648129423660263,0.3511438207102069,0.6317977605443593
HND,7486.01869616445,81041415057.1236,11005850.0,669000.0,0.645,0.526,Latin America & Caribbean,Lower middle income,8.920792385945152,25.118226157952602,16.213937507579292,13.413539339110365,0.35181168087012055,0.5391809119627406,0.44006849315068497,0.6585964838684375,0.5028765312621208,0.5237613751263903,0.48650481101876253,0.8753468862816197
HKG,75195.9865970615,565782122754.95,7498900.0,3569000.0,0.955,0.756,East Asia & Pacific,High income,11.22785313879379,27.06147489891129,15.830266901083265,15.087796002472297,0.7860737691205044,0.6846613600069568,0.970890410958904,0.6318121193822173,0.6640188309364329,0.756319514661274,0.7558567751625401,1.359980126872536
HUN,48552.4708092529,464261881788.679,9514251.0,31641000.0,0.87,0.605,Europe & Central Asia,High income,10.790400364479156,26.863714630365298,16.068301337799998,17.269964305926862,0.7037312668477607,0.6698561259332058,0.8253424657534247,0.6484295015984886,0.8740461382125841,0.6036400404448938,0.7158742302182133,1.2880412776978631
ISL,84256.8454573112,32565776310.3235,392404.0,488000.0,0.972,0.983,Europe & Central Asia,High income,11.341625096632693,24.206527767454542,12.88004720030131,13.098070684835283,0.8074892641110251,0.4709270196352898,1.0,0.4258548256978244,0.472513597347933,0.9858442871587462,0.7230458812424994,1.3009449165754756
IND,11159.9856476091,16192422603162.4,1463865525.0,17914000.0,0.685,0.397,South Asia,Lower middle income,9.320089949877943,30.415564508196624,21.10434639375845,16.701093088017277,0.42697216103200614,0.9357637787835422,0.5085616438356165,1.0,0.8192939498065341,0.39332659251769464,0.6402150131579406,1.1519109485166772
IDN,16448.2755179559,4662887595103.26,285721236.0,4053000.0,0.728,0.338,East Asia & Pacific,Upper middle income,9.707975918963085,29.1706560277604,19.47052719415517,15.214967905610445,0.4999846166987897,0.8425642620718747,0.5821917808219178,0.885941721346819,0.6762587541059726,0.33367037411526795,0.6057540100435903,1.0899067687201398
IRN,19873.8860853805,1819806794107.97,92417681.0,1550000.0,0.799,0.209,Middle East & North Africa,Upper middle income,9.897161891933305,28.229751454298658,18.34182887112015,14.253765488895429,0.5355954239080434,0.7721238619167529,0.7037671232876713,0.807146351653914,0.5837458370177754,0.20323559150657228,0.5713019859173079,1.027918744425191
IRQ,14464.3186928173,665966378219.474,47020774.0,892000.0,0.695,0.199,Middle East & North Africa,Upper middle income,9.579440115908119,27.22450502305854,17.66610006202111,13.701221411562146,0.4757900972520573,0.6968665373503089,0.5256849315068493,0.7599731608743497,0.5305650880673034,0.1931243680485339,0.5031694907517728,0.9053309176514726
IRL,133437.470117019,720000566882.709,5484367.0,10951000.0,0.949,0.983,Europe & Central Asia,High income,11.801388258457656,27.302517836293298,15.517412239379945,16.208941334257897,0.8940312897200952,0.7027069317287368,0.9606164383561644,0.6099714749638089,0.7719257851009605,0.9858442871587462,0.8412214698962924,1.5135730987017277
ISR,57235.7763244136,570892527370.231,10122800.0,4905000.0,0.919,0.889,Middle East & North Africa,High income,10.954934442066191,27.070466810621344,16.13030086339668,15.4057656509816,0.7347018045906757,0.6853345354562858,0.9092465753424659,0.6527577401016158,0.6946224782198394,0.890798786653185,0.7690105027672246,1.383647055217286
ITA,62014.2675153689,3655908756610.36,58915656.0,38419000.0,0.915,0.865,Europe & Central Asia,High income,11.03511975876903,28.927365812045547,17.891617419753153,17.464062686855588,0.7497952272651316,0.8243504488626046,0.9023972602739727,0.7757167153848956,0.8927275388307605,0.8665318503538928,0.8334847922685759,1.4996528321016813
JAM,12890.2660051472,36597720985.1639,2837077.0,1329699.95117188,0.72,0.847,Latin America & Caribbean,Upper middle income,9.464227732271675,24.323251807250067,14.858284854769161,14.10046387412364,0.4541034683895582,0.4796655126799869,0.5684931506849314,0.5639572434502278,0.5689910056417385,0.8483316481294236,0.5829272327480084,1.0488355439820127
JPN,52039.1716551611,6451575612481.29,123366734.0,4115799.8046875,0.925,0.956,East Asia & Pacific,High income,10.85975201503552,29.495345497909334,18.63067205448656,15.230343736436263,0.7167854495592609,0.866871994065671,0.9195205479452055,0.8273107347775042,0.6777386327846097,0.9585439838220424,0.8277585051864893,1.4893497735219259
JOR,10821.4909765317,125019343386.99,11520684.0,1240000.0,0.754,0.774,Middle East & North Africa,Upper middle income,9.289289341107883,25.551734309372534,16.259654586469395,14.03062193758122,0.4211745084702547,0.5716353058702741,0.6267123287671234,0.6617880312101035,0.5622689238280972,0.7745197168857432,0.5949826813075475,1.0705263867451562
KAZ,40890.9317694408,842049415718.366,20843754.0,2035000.0,0.837,0.217,Europe & Central Asia,Upper middle income,10.61866360031943,27.45910453796826,16.8525648929842,14.526006376858833,0.6714049547897533,0.7144297251299566,0.7688356164383562,0.703179593369019,0.6099482250457311,0.21132457027300303,0.5957068901912536,1.071829424201337
KEN,6644.13093243895,374947868838.995,57532493.0,2049000.0,0.628,0.64,Sub-Saharan Africa,Lower middle income,8.801489177408206,26.650052836823797,17.86786044181333,14.532862427221037,0.32935502886810697,0.6538604313012291,0.4109589041095891,0.7740582209746967,0.6106080998105894,0.6390293225480284,0.5485997211803069,0.9870715497027764
KIR,3702.32594703115,498029481.742737,136488.0,12000.0,0.644,0.3495,East Asia & Pacific,Lower middle income,8.216716535457266,20.02616983352328,11.823991977654746,9.392661928770137,0.21928224975652463,0.15796639221016534,0.4383561643835617,0.3521307313261726,0.1158788583308653,0.3452982810920121,0.2640840283024489,0.475154873406464
XKX,17864.4160145118,28482185265.9849,1576876.0,250000.0,0.76,0.55,Europe & Central Asia,Upper middle income,9.790566081118953,24.072544650391578,14.270956232542934,12.429216196844383,0.5155307076469627,0.4608964334885753,0.636986301369863,0.5229553433188459,0.40813831206406687,0.5480283114256825,0.515048002342386,0.9267034054439981
KWT,52443.5969223626,256830086794.8,4865298.0,2161000.0,0.852,0.691,Middle East & North Africa,High income,10.867493526722214,26.27168056231536,15.397638525580362,14.586081635489023,0.7182426478697638,0.625533760163987,0.7945205479452054,0.6016099722790587,0.6157302927185329,0.6905965621840242,0.6804273951251372,1.2242633334216542
KGZ,8012.45464442194,57864889798.0022,7343064.0,8508000.0,0.72,0.353,Europe & Central Asia,Lower middle income,8.988752440610337,24.78137664377738,15.809266752179505,15.956517455302265,0.3646039210484831,0.51396282371043,0.5684931506849314,0.6303460815023804,0.7476307261427108,0.34883720930232553,0.5029468024333932,0.9049302442733478
LAO,9775.82817381023,75956415485.6061,7873046.0,886400.024414063,0.617,0.346,East Asia & Pacific,Lower middle income,9.18766810492817,25.05342553227738,15.87895558490325,13.694923622518097,0.40204616510976965,0.5343296420979646,0.3921232876712329,0.6352111169382167,0.5299589443190778,0.3417593528816987,0.454814808970491,0.8183284478387923
LVA,43394.2732822314,80979094834.5308,1847785.0,3204000.0,0.889,0.973,Europe & Central Asia,High income,10.678082759359745,25.117456869845707,14.42949818242417,14.979910587170387,0.6825895272181421,0.5391233195526146,0.8578767123287672,0.5340232888431509,0.6536351757278229,0.9757330637007078,0.7224876183404071,1.299940458485843
LBN,12574.8329116403,72600709791.5249,5849421.0,1936000.0,0.752,0.289,Middle East & North Africa,Lower middle income,9.439452707534954,25.008240535472137,15.58185323995078,14.47613454681866,0.4494400220692396,0.530946887517169,0.6232876712328768,0.6144701548676702,0.605148207487191,0.28412537917087965,0.49698471773727626,0.8942029253315995
LSO,3001.16311951334,7014987702.30223,2363325.0,1142000.0,0.55,0.716,Sub-Saharan Africa,Lower middle income,8.006755199015947,22.671314797441884,14.675580083740895,13.948291669198092,0.17976085947572404,0.3559939871247176,0.27739726027397266,0.5512024712635208,0.5543448766551743,0.7158746208291203,0.42668279859865665,0.7677117486282315
LBR,1871.04406164262,10501827916.9368,5731206.0,246000.0,0.51,0.36,Sub-Saharan Africa,Low income,7.534251875779064,23.074815166285763,15.561436537749154,12.4130868149145,0.09082073095906633,0.3862018618080451,0.2089041095890411,0.6130448478878908,0.40658590629893915,0.35591506572295245,0.31430789625301936,0.5655204883640838
LBY,14303.8087736988,105576741546.273,7458555.0,760000.0,0.721,0.125,Middle East & North Africa,Upper middle income,9.568281128594823,25.38270393345109,15.824872253685824,13.541073712262515,0.47368962151579935,0.5589809223609338,0.5702054794520548,0.6314355145557822,0.5151513411087738,0.11830131445904954,0.4544356201899563,0.8176461900052904
LIE,139100.0,6700000000.0,41024.0,58400.0015258789,0.938,0.95,Europe & Central Asia,High income,11.842948377911535,22.625373363343332,10.621912540280341,10.975071194944382,0.9018542238321214,0.3525546022042087,0.9417808219178082,0.268212564943625,0.26818111506205755,0.9524772497472194,0.6606787546306105,1.188730465968649
LTU,55285.8991934304,159681046350.603,2888774.0,2284000.0,0.895,0.92,Europe & Central Asia,High income,10.920273167535024,25.79644420228496,14.87634274862795,14.641438849758037,0.7281774521475338,0.5899554025781143,0.8681506849315069,0.5652178800556339,0.6210582624415024,0.9221435793731042,0.7307228579226537,1.3147577658645868
LUX,155941.288210791,105574123414.164,686970.0,525000.0,0.922,0.979,Europe & Central Asia,High income,11.957234857768235,25.38267913476405,13.440045902128736,13.17115354157376,0.9233665682036666,0.5589790658183175,0.9143835616438357,0.46494880133109007,0.47954760823725423,0.9817997977755308,0.7557013920224824,1.3597005527660737
MAC,126959.917138906,87221463074.4283,685900.0,5897000.0,0.95,0.75,East Asia & Pacific,High income,11.751626702544957,25.191716273749442,13.438487123487413,15.58995430498264,0.8846645848517667,0.5446827166198589,0.9623287671232876,0.4648399816962897,0.7123500966484528,0.750252780586451,0.7404054815116435,1.332179288155211
MDG,1883.5374311384,60207191110.6919,32740678.0,87099.9984741211,0.487,0.148,Sub-Saharan Africa,Low income,7.540906900116681,24.821057635793142,17.30412883830616,11.374812145321892,0.09207341785196348,0.5169335234338447,0.16952054794520546,0.734703648367129,0.3066550106286311,0.1415571284125379,0.28651231045082004,0.5155091032076266
MWI,1857.61756950305,40227239746.2133,22216120.0,871000.0,0.517,0.567,Sub-Saharan Africa,Low income,7.527050069072375,24.417810208727545,16.916328709466608,13.67739725583464,0.08946512226269349,0.48674458512364216,0.22089041095890413,0.7076309984878392,0.5282720828634175,0.5652173913043478,0.4034773044030499,0.7259591150906217
MYS,38779.2830442253,1378901065661.01,35977838.0,4333000.0,0.819,0.698,East Asia & Pacific,Upper middle income,10.565641440854346,27.95230796862796,17.39841369574295,15.281770700722046,0.661424500801092,0.7513531794242946,0.7380136986301369,0.7412857527669989,0.6826883274590446,0.6976744186046511,0.7075257253836207,1.2730201770909344
MDV,26182.7831570917,13819246767.5298,529676.0,555000.0,0.766,0.763,South Asia,Upper middle income,10.172857342334996,23.34932815072749,13.180020777840868,13.226723392728571,0.5874900616477473,0.40675315363640635,0.6472602739726028,0.4467962309058832,0.4848960436376333,0.763397371081901,0.5696459261655615,1.024939068347267
MLI,3314.77332231959,81140993673.8658,25198821.0,217000.0,0.419,0.421,Sub-Saharan Africa,Low income,8.106144520891213,25.119454141061677,17.04230776567288,12.287652632522597,0.19846908569562302,0.5392728443690937,0.05308219178082187,0.7164257012926103,0.3945132336611545,0.41759352881698686,0.3630329005484288,0.6531892633238452
MLT,69863.7461313457,39741782395.5776,579704.0,718000.0,0.924,0.83,Middle East & North Africa,High income,11.154302140332039,24.40566892448798,13.27027290742477,13.484224848030362,0.7722291357941117,0.4858356333081722,0.9178082191780823,0.45309680721666673,0.5096798044461411,0.8311425682507583,0.6830022217856274,1.2288961067240505
MHL,8194.63854758403,307692288.184685,36282.0,6099.99990463257,0.733,0.453,East Asia & Pacific,Upper middle income,9.011235383748108,19.54461077720499,10.499077029501269,8.716044034527398,0.36883592483293803,0.1219146887939715,0.5907534246575342,0.2596373156624639,0.0507563679355588,0.4499494438827098,0.31526863667791355,0.5672491067053802
MRT,7368.75275290214,38091993637.0885,5315065.0,30000.0,0.563,0.117,Sub-Saharan Africa,Lower middle income,8.905003737877081,24.36326995623757,15.486055799222445,10.308952660644293,0.34883975597727807,0.48266145350932715,0.29965753424657526,0.6077824557688304,0.20406915730687178,0.11021233569261882,0.32200352439510393,0.5793668964151135
MUS,31839.7597535524,39665304066.0208,1243741.0,316000.0,0.806,0.792,Sub-Saharan Africa,Upper middle income,10.368471094501222,24.403742689523025,14.033634331247853,12.66349749256905,0.6243107809986831,0.48569142658886055,0.7157534246575343,0.506387703793622,0.43068720052895887,0.7927199191102123,0.6059216765850839,1.0902084438150328
MEX,26185.3564713253,3426642116491.59,131946900.0,51128000.0,0.789,0.355,Latin America & Caribbean,Upper middle income,10.172955620190727,28.862601922813813,18.697910126889994,17.749842850312255,0.5875085606607472,0.819501929255243,0.6866438356164385,0.8320046805948601,0.9202330424661688,0.35085945399393326,0.6711661211819718,1.2075999271704914
FSM,4346.84249671875,491888696.928694,113683.0,18000.0,0.615,0.453,East Asia & Pacific,Upper middle income,8.377204997693486,20.01376302310899,11.641169152289066,9.798127036878302,0.2494912742326851,0.15703756189635787,0.3886986301369863,0.3393677176678781,0.15490368731201115,0.4499494438827098,0.2886218496332145,0.5193047050454198
MDA,18614.9880691203,44718897528.3762,2360527.0,29000.0,0.785,0.789,Europe & Central Asia,Upper middle income,9.831722345378344,24.523662012724973,14.674395457157669,10.275051108968611,0.5232776233880412,0.49466913309696914,0.6797945205479453,0.5511197714954177,0.20080623226133124,0.7896865520728008,0.5493009215883169,0.9883331890122125
MCO,234300.0,8700000000.0,38341.0,159000.0,0.95,0.9,Europe & Central Asia,High income,12.364357624495886,22.88658886260695,10.554275098679943,11.976659481202368,1.0,0.3721103837508453,0.9623287671232876,0.2634907388301115,0.3645810537968838,0.9019211324570273,0.6927496425875945,1.2464342158136839
MNG,19144.7261368498,67481100950.4545,3568978.0,66900.0015258789,0.747,0.483,East Asia & Pacific,Upper middle income,9.859782559126387,24.93511340970233,15.087789838261648,11.110954268924674,0.5285594465927104,0.5254722579461091,0.6147260273972602,0.5799791774352341,0.2812594629086956,0.48028311425682507,0.4993204488214777,0.8984055043923604
MNE,34062.7577672706,21238981036.8374,623129.0,351000.0,0.862,0.754,Europe & Central Asia,Upper middle income,10.43595991885647,23.77910405838582,13.34250883893541,12.768541502448002,0.6370143206700531,0.4389281347836462,0.8116438356164384,0.4581396577395479,0.44079737878855485,0.7542972699696663,0.6036898167371051,1.0861927557389908
MAR,10415.1240234375,402770325749.156,38430770.0,2802000.0,0.71,0.526,Middle East & North Africa,Lower middle income,9.251014261779476,26.72163232513951,17.464368998770173,14.845844005879089,0.41396992321753434,0.6592191976863334,0.5513698630136986,0.7458901473861592,0.6407316599816935,0.5237613751263903,0.5678893569046003,1.021778549893399
MOZ,1705.37919520416,59060293229.5788,35631653.0,2033000.0,0.493,0.29,Sub-Saharan Africa,Low income,7.441542766869258,24.80182467819363,17.38874492999451,14.525023092610484,0.07336993293162232,0.5154936566634115,0.17979452054794517,0.7406107681798209,0.6098535868170294,0.2851365015166835,0.3584658366704359,0.6449719444926525
MMR,5997.46516323715,326862397165.755,54850648.0,903000.0,0.609,0.062,East Asia & Pacific,Lower middle income,8.69909218614961,26.51280511550646,17.820124558654015,13.713477832399123,0.3100806637697417,0.643585442016819,0.37842465753424653,0.7707257392261269,0.5317447326717816,0.054600606673407485,0.408581229380569,0.7351423846815858
NAM,11686.6020661881,35411935205.4205,3092816.0,187100.006103516,0.665,0.817,Sub-Saharan Africa,Lower middle income,9.366198342084031,24.290314752958437,14.944592560728564,12.139398544883859,0.43565122449427524,0.4771996948386544,0.47431506849315075,0.5699824562636313,0.38024421198663305,0.8179979777553084,0.5305209477090906,0.95454320114918
NRU,14173.0081043154,169324927.822256,12025.0,3204000.0,0.703,0.9255,East Asia & Pacific,High income,9.55909459698043,18.947330076797652,9.394743094973961,14.979910587170387,0.4719604245721477,0.07719953623941224,0.5393835616438356,0.1825428442172365,0.6536351757278229,0.9277047522750252,0.5004752554114442,0.9004832975197663
NPL,5736.62134332704,170096869228.542,29618118.0,230000.0,0.622,0.662,South Asia,Lower middle income,8.654625699866004,25.859633930702902,17.203896826635393,12.345834587905333,0.30171065913642964,0.5946860733400566,0.4006849315068493,0.7277063681785444,0.4001130764421866,0.6612740141557129,0.498564979052577,0.8970462205889745
NLD,86173.6290841738,1550563902321.65,18087633.0,7265000.0,0.955,0.969,Europe & Central Asia,High income,11.364119482748793,28.069639788647088,16.71073900303928,15.79857885498652,0.8117234218273427,0.7601371736636553,0.970890410958904,0.6932786099067724,0.7324295984905644,0.9716885743174923,0.8345674213330693,1.5016007593557157
NZL,55551.143658637,293726672095.043,5324700.0,996000.0,0.938,0.989,East Asia & Pacific,High income,10.925059382770105,26.405915485106775,15.487866929944548,13.811502536566735,0.7290783698282822,0.6355831976339639,0.9417808219178082,0.6079088923125001,0.5411793233173667,0.9919110212335692,0.7564193321995756,1.3609923112118718
NIC,8708.79983051626,60231278859.8267,7007502.0,474000.0,0.706,0.008,Latin America & Caribbean,Lower middle income,9.07208926821873,24.821457636714143,15.76249184742953,13.068962600677214,0.3802905581431923,0.5169634693239301,0.5445205479452054,0.6270806864566837,0.46971202951010455,0.0,0.3915603025337746,0.704517373418554
NER,2049.93305251019,55414634847.873,27917831.0,85000.0,0.419,0.578,Sub-Saharan Africa,Low income,7.6255624142870895,24.738109562742824,17.144776146594296,11.350406535472453,0.10800827362902041,0.5107236530361872,0.05308219178082187,0.7235791042805988,0.30430604216868457,0.5763397371081901,0.35692617068702204,0.6422016906452696
NGA,9086.87550609627,2114329449409.47,237527782.0,5265000.0,0.56,0.289,Sub-Saharan Africa,Lower middle income,9.114586399380993,28.379758832960867,19.285795151439817,15.476591703550213,0.38828986761104545,0.7833540972426486,0.29452054794520555,0.8730454236357165,0.7014392783183633,0.28412537917087965,0.5199511005153896,0.9355253361251857
PRK,1700.0,40000000000.0,26571036.0,10000.0,0.55,0.033,East Asia & Pacific,Low income,7.438383530044307,24.412145291060348,17.095332308319474,9.210340371976184,0.07277526424802276,0.4863204835956253,0.27739726027397266,0.7201273887633605,0.09833094253939795,0.02527805864509606,0.23697582620913843,0.42638026777536553
MKD,26995.4292563497,49249354322.685,1820909.0,118000.0,0.815,0.368,Europe & Central Asia,Upper middle income,10.203422843853975,24.62016209427928,14.414846384918517,11.678439903447801,0.5932434595596413,0.5018935685513299,0.7311643835616438,0.533000434660096,0.33587829297240157,0.3640040444893832,0.5070116572863536,0.9122439603109644
NOR,102037.526800237,568581567800.898,5610870.0,1397000.0,0.97,0.986,Europe & Central Asia,High income,11.533095934410436,27.06641061882623,15.540216345689089,14.149837638239099,0.8435301554268457,0.6850308704713207,0.9965753424657534,0.6115634486121028,0.5737430858139422,0.9888776541961577,0.8033618308211399,1.4454539014613481
OMN,41740.1658530012,220452272078.928,5494691.0,869000.0,0.858,0.613,Middle East & North Africa,High income,10.639219154102003,26.11894705524716,15.519292911299692,13.67509840424753,0.675274162698449,0.6140994344539986,0.8047945205479452,0.6101027662363865,0.5280508251318742,0.6117290192113246,0.642381096313255,1.1558082874586313
PAK,6252.11543199559,1570963817829.03,255219554.0,966000.0,0.544,0.261,Middle East & North Africa,Lower middle income,8.740675154581991,28.082710443637655,19.357634728756626,13.780919113194654,0.3179078987850307,0.7611157024048194,0.26712328767123295,0.8780606043423191,0.5382357584017019,0.2558139534883721,0.4667132722084208,0.8397368337600911
PLW,18230.2698627414,323167993.856817,17663.0,18399.9996185303,0.786,0.9255,East Asia & Pacific,High income,9.81083867078538,19.593682850799166,9.779227335155444,9.820105922865027,0.5193466527242283,0.1255884476404161,0.6815068493150686,0.2093840091484752,0.15701909070844647,0.9277047522750252,0.46912042654798497,0.8440679215689134
PSE,4371.11135857265,23119472384.4172,5413596.0,93000.0,0.674,0.785,Middle East & North Africa,Lower middle income,8.382772571219789,23.86394105974699,15.504424125020021,11.440354772135393,0.25053926835379114,0.445279418954638,0.48972602739726034,0.609064763886351,0.31296329647425214,0.7856420626895855,0.4737072219569479,0.852320742483138
PAN,41369.422541499,186806812931.674,4571189.0,647000.0,0.839,0.692,Latin America & Caribbean,High income,10.630297300970293,25.953340833873042,15.335283904085431,13.380101573483037,0.673594786649398,0.601701398743691,0.7722602739726027,0.5972569442356195,0.4996582442652284,0.691607684529828,0.6453321139019341,1.1611179246895629
PNG,4874.6899553589,51557168062.2333,10762817.0,39000.0,0.576,0.511,East Asia & Pacific,Lower middle income,8.491811782508714,24.66595708841651,16.19160788140747,10.571316925111784,0.2710639101678553,0.5053219903096168,0.321917808219178,0.6570376340735854,0.22932094925360716,0.5085945399393327,0.40070050350880204,0.7209629383590618
PRY,18523.6810153,128353419878.209,7013078.0,1077000.0,0.756,0.391,Latin America & Caribbean,Upper middle income,9.826805247375718,25.57805338884984,15.763287249658822,13.889689956138525,0.5223520694146075,0.5736056719864412,0.6301369863013699,0.6271362141485678,0.5487046334272868,0.3872598584428716,0.5351583122915027,0.9628870089714844
PER,17802.4182498972,609160441707.41,34576665.0,1119000.0,0.794,0.592,Latin America & Caribbean,Upper middle income,9.787089583788283,27.135347521038657,17.358689590537836,13.927945987294063,0.5148763204624252,0.6901918008294676,0.6952054794520549,0.7385125799080723,0.552386664367774,0.5904954499494438,0.616596484204708,1.1094151595552662
PHL,11794.1375488492,1366276178143.49,116786962.0,1483000.0,0.72,0.386,East Asia & Pacific,Upper middle income,9.37535786910472,27.943110036834376,18.575861995415348,14.209577621120069,0.43737533831593284,0.7506645803735367,0.5684931506849314,0.8234843989185183,0.5794928841779594,0.3822042467138524,0.5623293933607978,1.0117747500014405
POL,51262.5105756884,1874118068301.56,36435861.0,88515000.0,0.906,0.879,Europe & Central Asia,High income,10.844714976004871,28.259159301122775,17.41106403993123,18.298682587141517,0.7139550013526027,0.7743254672191587,0.8869863013698631,0.7421688838275446,0.973057259493754,0.8806875631951466,0.8258096195483475,1.4858432285989804
PRT,51679.8883807527,552699920347.757,10804871.0,4208000.0,0.89,0.887,Europe & Central Asia,High income,10.852823978638995,27.03808105167083,16.195507608934687,15.252498033399682,0.7154813731281072,0.6829099900941473,0.8595890410958905,0.6573098772991998,0.6798709189737442,0.8887765419615774,0.7547349904378108,1.357961748546916
QAT,126046.354855612,360218045926.174,2972215.0,582000.0,0.886,0.573,Middle East & North Africa,High income,11.744405013956053,26.609975368172833,14.904818024060576,13.274225726713574,0.8833052337538646,0.6508600495318094,0.8527397260273973,0.5672057627422917,0.48946800414150843,0.5712841253791708,0.683790521216975,1.2303144595071251
ROU,49076.5399383138,934996619902.926,19020271.0,5023000.0,0.845,0.694,Europe & Central Asia,High income,10.801136397935354,27.56380875115148,16.761015863139846,15.429537922732182,0.7057521292383404,0.7222683592301374,0.7825342465753424,0.6967884793712454,0.6969104897429229,0.6936299292214357,0.7155953173230111,1.287539441891044
RUS,47361.90625,6921249292202.15,143513328.0,6359000.0,0.832,0.121,Europe & Central Asia,High income,10.765573518959018,29.56561740281913,18.78193846689983,15.665381690249545,0.6990580662105721,0.8721328688037933,0.7602739726027397,0.837870768973509,0.7196097615411239,0.11425682507583416,0.639397692985106,1.1504403799792606
RWA,3710.86040434596,52904129982.2052,14569341.0,1634000.0,0.578,0.377,Sub-Saharan Africa,Low income,8.219019043631421,24.691747244260508,16.49442994722398,14.306541554402084,0.21971565490490996,0.5072527587944914,0.32534246575342457,0.6781778946199287,0.5888253787329791,0.3731041456016178,0.41920673591736574,0.7542603951338839
KNA,34846.6035342828,1632319449.35641,46922.0,301399.993896484,0.84,0.9255,Latin America & Caribbean,High income,10.458710951877709,21.213267815360762,10.756241927604911,12.61619354492398,0.6412967874830563,0.24683795179491602,0.773972602739726,0.27759021131630635,0.42613433412919594,0.9277047522750252,0.5788321366863314,1.041467416256602
LCA,27567.3280779839,4955061818.04914,180149.0,432500.0,0.748,0.453,Latin America & Caribbean,Upper middle income,10.224386585211244,22.323675480543404,12.101539565231052,12.977337605354071,0.5971895013308031,0.3299681251163236,0.6164383561643836,0.3715065595028664,0.46089339209499547,0.4499494438827098,0.4795162597794504,0.862772690860733
WSM,8736.81606772538,1904791902.26942,219306.0,23899.9996185303,0.708,0.453,East Asia & Pacific,Upper middle income,9.075301107967691,21.36763860190436,12.29822329381283,10.081633721958527,0.38089512836735606,0.25839485170070026,0.547945205479452,0.3852372143553582,0.18219037531308044,0.4499494438827098,0.36834194887790206,0.662741602414987
SMR,78745.4313299335,2666320304.83155,34109.0,1904000.0,0.915,0.9255,Europe & Central Asia,High income,11.273975540146965,21.70396519583409,10.437316558067081,14.459467494333447,0.7947554695490784,0.28357379176266245,0.9023972602739727,0.25532576572945853,0.6035440525060387,0.9277047522750252,0.6628542097630291,1.1926446675002236
STP,6241.85614464638,1470181828.88543,240254.0,33400.0015258789,0.637,0.742,Sub-Saharan Africa,Lower middle income,8.739032876209238,21.108651923207034,12.389451976017561,10.416311224649787,0.3175987698491067,0.23900592980911445,0.42636986301369867,0.39160596461768604,0.21440210462143613,0.7421638018200202,0.396601948703487,0.7135885874670852
SAU,71375.3727890285,2519570644557.09,36973555.0,20292000.0,0.9,0.396,Middle East & North Africa,High income,11.175708169908294,28.555109623791694,17.425713485337706,16.82573727766872,0.77625843025177,0.7964816557879283,0.8767123287671234,0.7431915738085977,0.8312905879570687,0.39231547017189083,0.7231262416210833,1.3010895054995328
SEN,5070.6486207418,93817059650.5868,18931966.0,1376000.0,0.53,0.691,Sub-Saharan Africa,Lower middle income,8.531224021487658,25.26461254902931,16.756362374105542,14.134691297475426,0.27848254497428,0.550140063672217,0.24315068493150688,0.6964636154272343,0.5722852948815722,0.6905965621840242,0.49037244230683086,0.8823057465613496
SRB,32832.1763221005,216248341373.283,6549143.0,446000.0,0.833,0.367,Europe & Central Asia,Upper middle income,10.39916429895037,26.09969331277885,15.694844759356519,13.008074231002201,0.6300882166569008,0.6126580116336573,0.761986301369863,0.6223581869148853,0.4638517022809752,0.36299292214357937,0.5676079534264067,1.0212722328892365
SYC,33238.5800343754,4033634641.49159,122730.0,124500.0,0.848,0.976,Sub-Saharan Africa,High income,10.411466529476156,22.1179337025928,11.717742099591554,11.732060994886899,0.6324038870663903,0.31456535891002674,0.7876712328767124,0.3447133388742167,0.34103916595838224,0.9787664307381193,0.5952817996187204,1.0710645772756193
SLE,3522.30588009119,30439844906.4775,8819794.0,71000.0,0.467,0.535,Sub-Saharan Africa,Low income,8.16687113369254,24.13901827487033,15.992509071701148,11.170435156023453,0.20989976243654318,0.4658729516606756,0.13527397260273977,0.6431383803969764,0.2869843240626113,0.5328614762386249,0.3642599568221864,0.6553970521559369
SGP,150689.301625826,909690217412.881,6111175.0,2742000.0,0.946,0.974,East Asia & Pacific,High income,11.922975390892375,27.536369958075714,15.625629620351331,14.824198139104396,0.9169178487195847,0.7202141662561151,0.9554794520547945,0.617526220431942,0.638648308708948,0.9767441860465116,0.8275811000114672,1.4890305761285012
SVK,48132.356430543,260976957698.998,5413813.0,15299000.0,0.88,0.727,Europe & Central Asia,High income,10.781709920802449,26.287697955693613,15.504464208478591,16.543298024749514,0.7020954494059315,0.6267328951568747,0.8424657534246576,0.6090675621459676,0.8041066371748125,0.7269969666329625,0.7205649281286521,1.296481045851013
SVN,57186.3713538174,121658286418.111,2130986.0,1216000.0,0.931,0.9,Europe & Central Asia,High income,10.95407088593359,25.52448202073329,14.572095341373581,14.01107734150825,0.734539255906597,0.5695950754674943,0.9297945205479453,0.5439781152367648,0.5603878137054236,0.9019211324570273,0.7224351380366877,1.2998460329644268
SLB,2674.89311339831,2191267088.70967,838645.0,4400.00009536743,0.584,0.669,East Asia & Pacific,Lower middle income,7.8916647009236724,21.507745792781822,13.63954277314245,8.389359841580768,0.15809717334278806,0.268883913895082,0.33561643835616434,0.4788758439989967,0.01931397127639944,0.6683518705763398,0.3179780025965803,0.5721239506267305
SOM,1601.96466602339,30451988233.1033,19654739.0,246000.0,0.404,0.168,Sub-Saharan Africa,Low income,7.378986071219889,24.139417123982295,16.793829037686077,12.4130868149145,0.061594776489298224,0.46590281132109246,0.02739726027397263,0.699079194406788,0.40658590629893915,0.16177957532861476,0.2647746663577808,0.4763975083354309
ZAF,15456.1989933658,989307819277.577,64747319.0,3886600.09765625,0.741,0.694,Sub-Saharan Africa,Upper middle income,9.645765431198987,27.62027136309311,17.98600285228129,15.173045322539135,0.48827462757338214,0.7264954074251938,0.6044520547945206,0.7823058410156319,0.6722238282835284,0.6936299292214357,0.6466475438102367,1.1634847203476433
KOR,61051.3492502498,3159472343387.38,51684564.0,2519000.0,0.937,0.917,East Asia & Pacific,High income,11.019470580035826,28.781426149643963,17.760669726232784,14.739372555334747,0.7468495549295879,0.8134247412956309,0.9400684931506851,0.7665751478723065,0.6304840947392631,0.9191102123356927,0.8067858009555844,1.4516145015788084
SSD,1154.88686304107,12827976279.3273,12188788.0,246000.0,0.388,0.076,Sub-Saharan Africa,Low income,7.051757664081085,23.27489426964303,16.316027070755567,12.4130868149145,0.0,0.40118069441304677,0.0,0.6657234412742316,0.40658590629893915,0.06875631951466128,0.2135240189695447,0.3841844539212998
ESP,57965.2948138837,2831537411916.24,49355143.0,36410000.0,0.918,0.947,Europe & Central Asia,High income,10.967599745158742,28.671840935168145,17.71455253320608,17.410354020151615,0.7370858167856315,0.8052206932162799,0.9075342465753425,0.7633556682296267,0.887558236982058,0.9494438827098078,0.8425868203703036,1.516029714256271
LKA,15632.5924849848,342603896900.927,21756000.0,540000.0,0.776,0.829,South Asia,Upper middle income,9.657113275623203,26.559840797263647,16.895400139524988,13.199324418540456,0.4904106522145694,0.6471067472989852,0.6643835616438357,0.7061699575949463,0.4822589726281476,0.8301314459049545,0.6330092230823057,1.138945884733037
VCT,21272.0800673662,2140311608.05812,99924.0,392000.0,0.798,0.453,Latin America & Caribbean,Upper middle income,9.965150696895003,21.484217266621997,11.512165176023819,12.8790171187726,0.5483930758050988,0.26712246130519746,0.7020547945205481,0.3303618426752212,0.45143033325847187,0.4499494438827098,0.4647773619229743,0.8362536348232962
SDN,2115.81616210938,106740734179.302,51662147.0,836000.0,0.511,0.174,Sub-Saharan Africa,Low income,7.657195909293411,25.393668686030747,17.760235904969683,13.636383892066839,0.11396270182651856,0.5598017936597853,0.2106164383561644,0.766544862448727,0.5243246667356827,0.1678463094034378,0.3463010311499327,0.6230843405195373
SUR,21800.5265989822,13830929890.7189,639850.0,279000.0,0.722,0.803,Latin America & Caribbean,Upper middle income,9.989689404402046,23.35017321758032,13.368989052865741,12.538967060803502,0.5530120397191682,0.40681641918846134,0.571917808219178,0.45998826352162886,0.418701511241726,0.8038422649140546,0.5502497814462495,0.990040431167577
SWE,71844.9129880579,759379823414.092,10596620.0,1957000.0,0.959,0.989,Europe & Central Asia,High income,11.182265088556134,27.35576791527618,16.17604564030858,14.486923246378213,0.7774926505387664,0.7066934750803602,0.9777397260273972,0.6559512210652451,0.6061865882179153,0.9919110212335692,0.7998194821230287,1.439080307957674
CHE,96497.6947971323,869017903306.548,9092436.0,11818000.0,0.97,0.995,Europe & Central Asia,High income,11.477274398929133,27.490629564193537,16.022953417050292,16.285134350887756,0.8330227699852087,0.7167898321215076,0.9965753424657534,0.6452637254939673,0.7792591397696552,0.9979777553083923,0.8427842751250038,1.5163849859838954
SYR,4772.4616766716,107199859817.267,25620427.0,2424000.0,0.564,0.282,Middle East & North Africa,Low income,8.47061752553552,25.39796077790751,17.05890052096064,14.700929626171343,0.26707447803836754,0.5601231191988774,0.30136986301369856,0.7175840553544887,0.626784075412974,0.27704752275025274,0.42596954747373905,0.7664284269894875
TWN,76858.0,1870000000000.0,23400000.0,11800000.0,0.911,0.917,,,11.249714842442778,28.256959546795045,16.96824658032793,16.283610089435893,0.7901888359073664,0.7741607835950606,0.8955479452054795,0.7112554282798371,0.779112434069727,0.9191102123356927,0.8193371271331347,1.4741975553110354
TJK,5405.98011619139,57254340774.0345,10786734.0,1035000.0,0.691,0.039,Europe & Central Asia,Lower middle income,8.595261048729627,24.77076929788698,16.193827603741386,13.849911984681606,0.2905363468263151,0.5131687095035506,0.5188356164383561,0.6571925947378718,0.5448761201908061,0.031344792719919114,0.38783334252457385,0.6978116168351435
TZA,4220.79638671875,280425918025.025,70545865.0,1527000.0,0.555,0.712,Sub-Saharan Africa,Lower middle income,8.347779106457132,26.35957542016415,18.071773623631167,14.23881558420077,0.24395238716126777,0.6321139693935661,0.28595890410958913,0.7882935699768892,0.5823069524816544,0.7118301314459049,0.5188853014418773,0.9336076903398394
THA,24712.0658575135,1771064607709.0,71619863.0,39916000.0,0.798,0.416,East Asia & Pacific,Upper middle income,10.115046899596223,28.202601954983653,18.086883009659232,17.50228780398634,0.5766083007078064,0.7700913267907686,0.7020547945205481,0.789348368795685,0.8964065943869145,0.4125379170879676,0.6666818936113372,1.1995316520940054
TLS,4422.77882172399,6194712083.30184,1418517.0,74800.0030517578,0.634,0.717,East Asia & Pacific,Lower middle income,8.394523470225018,22.54696187529,14.16512251764989,11.222573204761469,0.2527511606650487,0.34668436121376045,0.4212328767123288,0.5155670035642982,0.29200245853268986,0.7168857431749242,0.41992758964295507,0.7555573958004093
TGO,3365.45809007306,32023127975.1544,8591626.0,482000.0,0.571,0.207,Sub-Saharan Africa,Lower middle income,8.12131936656475,24.189724227912272,15.966298565919315,13.085699393032737,0.20132547348815533,0.46966903016136785,0.31335616438356156,0.6413086031653028,0.47132289674949474,0.20121334681496458,0.35090741844592205,0.631372412261537
TON,7802.66986206107,816135859.562002,103742.0,94000.0,0.769,0.453,East Asia & Pacific,Upper middle income,8.962221244117652,20.520091393630977,11.549662326686201,11.451050061252142,0.35960990744113935,0.19494360894450707,0.6523972602739726,0.3329795499833424,0.313992686723471,0.4499494438827098,0.38245036507155467,0.6881262602966183
TTO,36328.5130065685,49709503187.8169,1367764.0,141000.0,0.807,0.886,Latin America & Caribbean,High income,10.500358194197803,24.62946196279297,14.128687847662391,11.856515169360305,0.6491361208848587,0.5025897990490564,0.7174657534246577,0.5130234689167192,0.3530175157046167,0.8877654196157735,0.6227040316077169,1.1204042032007875
TUN,14521.0080937638,178275999157.021,12348573.0,2012000.0,0.746,0.596,Middle East & North Africa,Lower middle income,9.583351713913943,25.906598743428,16.329051067803537,14.514639810201768,0.476526384199121,0.5982020730438254,0.613013698630137,0.666632657352018,0.6088542262995396,0.5945399393326593,0.5813636200128804,1.0460222037887712
TKM,21213.0862501953,158981432475.916,7618847.0,380000.0,0.764,0.053,Europe & Central Asia,Upper middle income,9.962373546176275,25.79205325546666,15.846135603878004,12.84792653170257,0.5478703278588161,0.5896266763080282,0.6438356164383562,0.6329199267367069,0.4484379553224456,0.0455005055611729,0.46289740341441016,0.8328711074781621
TUV,6151.01047041608,60378318.7776043,9492.0,3599.99990463257,0.689,0.453,East Asia & Pacific,Upper middle income,8.724371651436813,17.916140637827564,9.158204617555654,8.18868909795325,0.3148390618188261,0.0,0.5154109589041095,0.1660298961651341,0.0,0.4499494438827098,0.2531691158288135,0.4555161474752117
TUR,45639.0192735944,3902987817630.99,85878556.0,15971000.0,0.853,0.157,Europe & Central Asia,Upper middle income,10.728518315436512,28.992763482838782,18.268444716674203,16.586285135638448,0.6920831003184268,0.8292464162431645,0.7962328767123288,0.802023342731901,0.8082440206815251,0.15065722952477248,0.6525279517810462,1.1740650819200906
UGA,3273.2671741364,163712758855.012,51384894.0,473000.0,0.582,0.214,Sub-Saharan Africa,Low income,8.093543900908854,25.821379258756746,17.75485479618037,13.06685066747407,0.1960972489158449,0.5918221544308563,0.33219178082191775,0.7661692027637976,0.4695087621255031,0.2082912032355915,0.3881996249246512,0.6984706527812342
UKR,18548.859375,656527758178.686,38980376.0,3382000.0,0.779,0.387,Europe & Central Asia,Upper middle income,9.828163576926713,27.210230811864992,17.47856889796946,15.033977808440662,0.5226077501662386,0.6957979049121935,0.6695205479452055,0.7468814541721932,0.6588389874032665,0.38321536905965625,0.5908024774521887,1.0630051282787738
ARE,79228.738801276,870438615966.339,11513149.0,8084000.0,0.94,0.638,Middle East & North Africa,High income,11.2800943756359,27.492263077834107,16.25900033146383,15.905397357505649,0.7959072286754058,0.716912124389763,0.9452054794520548,0.661742357123428,0.7427105664689955,0.6370070778564206,0.750906830870531,1.351073908012738
GBR,62009.4907765366,4292669008496.52,69487000.0,11101000.0,0.946,0.955,Europe & Central Asia,High income,11.035042729353046,29.087929801918257,18.056650242679208,16.222545752314783,0.7497807278831797,0.8363710001662553,0.9554794520547945,0.787237794160804,0.7732351704893485,0.9575328614762386,0.8450360852571751,1.5204365697361013
USA,85809.9003846359,29184890000000.1,341784857.0,45037000.0,0.938,0.924,North America,High income,11.359889667917564,31.004672225517755,19.649692023977963,17.622994932117297,0.8109272363696108,0.9798670646140027,0.9417808219178082,0.8984493672905928,0.9080243018984057,0.9261880687563195,0.9073333826845901,1.6325253797370873
URY,36417.874162496,123332335624.219,3384688.0,3480000.0,0.862,0.945,Latin America & Caribbean,High income,10.502814981520231,25.538148464350492,15.034772288736308,15.062542851750656,0.6495985662676721,0.5706182076577772,0.8116438356164384,0.5762779781601011,0.661588289150124,0.9474216380182001,0.7137199060919224,1.28416509626393
UZB,11878.5528706848,431926264607.887,37053428.0,6749000.0,0.74,0.147,Europe & Central Asia,Lower middle income,9.382489773265004,26.791520726844347,17.42787142904306,15.724904903725543,0.43871778913350334,0.6644513616285047,0.6027397260273972,0.7433422216553869,0.725338696484866,0.14054600606673406,0.5177743454582266,0.9316087956957183
VUT,3605.60736691735,1181835165.90607,335169.0,82400.0015258789,0.621,0.822,East Asia & Pacific,Lower middle income,8.19024551456199,20.890334292657602,12.722390161213093,11.31934073441551,0.2142995631073291,0.22266167802145392,0.398972602739726,0.41484865653276287,0.30131604981381566,0.8230535894843276,0.3983638873606472,0.7167587668413339
VAT,110000.0,1500000000.0,880.0,6000000.0,0.91,0.276,,,11.608235644774552,21.128730945054574,6.779921907472252,15.60727002719233,0.8576738347785748,0.24050913680114808,0.8938356164383563,0.0,0.7140166841905253,0.27098078867542974,0.5273538911049113,0.9488448543407676
VEN,21241.4350725543,619935785776.733,28516896.0,429000.0,0.709,0.009,Latin America & Caribbean,Lower middle income,9.96370903769469,27.152881738293818,17.166007311682684,12.969212197910155,0.5481217097675548,0.6915044921636335,0.5496575342465753,0.7250612695926303,0.4601113454291788,0.0010111223458038414,0.46923126811810295,0.8442673539713808
VNM,16385.5065565458,1654734391083.39,101598527.0,3837000.0,0.766,0.319,East Asia & Pacific,Upper middle income,9.704152476525996,28.134661623106506,18.43653959497206,15.160201369229089,0.4992649234289072,0.765005004225144,0.6472602739726028,0.8137581861428029,0.6709876353994969,0.31445904954499493,0.5895439988439797,1.0607408026108713
YEM,3164.32154223615,92755605480.1343,41773878.0,398000.0,0.47,0.065,Middle East & North Africa,Low income,8.059693948956715,25.253233973051245,17.547781773916284,12.894207284266574,0.1897256131434621,0.5492882116696899,0.14041095890410954,0.751713262669148,0.45289234219276353,0.05763397371081901,0.3163051291657154,0.5691140224293414
ZMB,4214.89277804799,89840254108.8107,21913874.0,502000.0,0.595,0.654,Sub-Saharan Africa,Lower middle income,8.34637943192687,25.2212989758322,16.902630510181925,13.126355398673866,0.24368892397173886,0.5468974123830144,0.3544520547945205,0.7066747157905624,0.47523591820429845,0.6531850353892821,0.4778107721094606,0.8597040812854422
ZWE,5928.0806252756,98609904294.9076,16950795.0,639000.0,0.598,0.177,Sub-Saharan Africa,Lower middle income,8.687455767638427,25.314437542748728,16.645825293345705,13.367659733359671,0.3078903203224866,0.5538701895471604,0.35958904109589035,0.6887469297854718,0.49846075359755904,0.17087967644084934,0.3991906020601704,0.7182462385408541
AFG,2201.72290691677,91271896894.46,43844111.0,246000.0,0.496,0.084,Middle East & North Africa,Low income,7.696995472360293,25.23710876658847,17.59615096901786,12.4130868149145,0.12145424332473724,0.5480810052984393,0.18493150684931506,0.7550899564517067,0.40658590629893915,0.07684529828109203,0.3049801817587885,0.5487375385273676
