passport,henley_score,henley_rank,henley_pos,henley_frac,henley_pct,graded_count_score,graded_count_rank,graded_count_pos,graded_count_frac,graded_count_pct,binary_weighted_score,binary_weighted_rank,binary_weighted_pos,binary_weighted_frac,binary_weighted_pct,ahi_balanced_score,ahi_balanced_rank,ahi_balanced_pos,ahi_balanced_frac,ahi_balanced_pct,ahi_business_score,ahi_business_rank,ahi_business_pos,ahi_business_frac,ahi_business_pct,ahi_leisure_score,ahi_leisure_rank,ahi_leisure_pos,ahi_leisure_frac,ahi_leisure_pct,ahi_settlement_score,ahi_settlement_rank,ahi_settlement_pos,ahi_settlement_frac,ahi_settlement_pct,ahi_reach_score,ahi_reach_rank,ahi_reach_pos,ahi_reach_frac,ahi_reach_pct,ahi_pca_score,ahi_pca_rank,ahi_pca_pos,ahi_pca_frac,ahi_pca_pct,ahi_entropy_score,ahi_entropy_rank,ahi_entropy_pos,ahi_entropy_frac,ahi_entropy_pct,gdp_share_score,gdp_share_rank,gdp_share_pos,gdp_share_frac,pop_share_score,pop_share_rank,pop_share_pos,pop_share_frac,ahi_gamma_flat_score,ahi_gamma_flat_rank,ahi_gamma_flat_pos,ahi_gamma_flat_frac,ahi_gamma_flat_pct,ahi_gamma_sharp_score,ahi_gamma_sharp_rank,ahi_gamma_sharp_pos,ahi_gamma_sharp_frac,ahi_gamma_sharp_pct,ahi_gamma_extreme_score,ahi_gamma_extreme_rank,ahi_gamma_extreme_pos,ahi_gamma_extreme_frac,ahi_gamma_extreme_pct,stay_days_score,stay_days_rank,stay_days_pos,stay_days_frac,name
AFG,22.0,97,199,199.0,11.11,39.3,166,199,199.0,19.85,17.0,167,199,199.0,8.57,33.8,171,199,199.0,17.04,33.5,167,199,199.0,16.89,35.2,168,199,199.0,17.76,32.8,173,199,199.0,16.52,34.9,166,199,199.0,17.63,32.3,173,199,199.0,16.27,33.1,171,199,199.0,16.68,0.76,191,199,199.0,3.01,191,199,199.0,36.4,173,199,199.0,18.37,29.2,173,199,199.0,14.7,22.7,167,199,199.0,11.42,1374.0,194,199,199.0,Afghanistan
AGO,47.0,82,170,171.0,23.74,61.8,138,169,169.0,31.21,39.9,142,172,172.0,20.14,54.8,143,167,167.0,27.65,54.3,137,167,167.5,27.41,57.3,138,167,167.0,28.92,52.9,145,168,168.0,26.68,57.1,138,169,169.0,28.86,52.3,145,168,168.0,26.37,53.5,143,167,167.0,26.98,5.26,170,177,177.0,13.93,164,170,170.5,58.3,144,168,168.0,29.43,48.2,149,168,168.0,24.3,37.5,138,167,167.0,18.88,2877.0,163,168,168.0,Angola
ALB,106.0,43,92,92.0,53.54,115.5,70,92,92.5,58.33,113.8,69,90,90.0,57.5,122.0,73,89,89.0,61.64,122.1,69,88,88.5,61.68,120.1,71,89,89.5,60.67,125.2,71,89,89.0,63.28,116.2,67,88,88.0,58.67,125.5,72,89,89.0,63.44,124.4,73,89,89.0,62.88,54.25,61,65,65.0,45.52,67,70,70.0,118.8,73,90,90.0,60.01,127.6,74,87,87.0,64.48,136.0,64,83,83.0,68.68,7938.0,83,87,87.0,Albania
AND,146.0,14,47,47.0,73.74,148.0,29,47,47.0,74.75,155.8,27,45,45.0,78.73,155.9,31,47,47.0,78.78,156.0,30,47,47.0,78.8,154.0,33,48,48.0,77.84,158.7,31,47,47.0,80.27,150.6,29,46,46.0,75.91,159.8,32,47,47.0,80.87,158.1,33,47,47.5,79.95,86.22,3,3,3.0,62.74,31,34,34.0,152.1,31,47,47.0,76.84,162.7,33,45,45.0,82.24,172.6,25,42,42.0,87.22,10528.0,46,50,50.0,Andorra
ARE,169.0,1,1,1.0,85.35,167.8,1,1,1.0,84.75,173.2,1,1,1.0,87.6,171.8,1,1,1.0,86.9,171.7,1,1,1.0,86.86,170.5,1,1,1.0,86.21,174.3,1,1,1.0,88.14,167.3,1,1,1.0,84.62,174.7,1,1,1.0,88.4,173.6,1,1,1.0,87.8,79.8,33,36,36.0,84.28,2,2,2.0,169.9,1,1,1.0,85.87,174.8,1,1,1.0,88.54,178.0,11,20,21.5,90.35,12510.0,1,1,1.0,United Arab Emirates
ARG,148.0,13,45,45.5,74.75,150.6,27,45,45.0,76.06,154.9,28,46,46.5,78.35,156.5,30,46,46.0,79.16,156.4,29,45,45.5,79.1,154.8,31,45,45.5,78.28,159.5,30,46,46.0,80.68,150.9,28,45,45.0,76.32,160.5,31,46,46.0,81.2,158.8,32,46,46.0,80.34,66.81,42,45,45.0,58.59,41,44,44.0,153.8,30,46,46.0,77.73,160.9,35,47,47.0,81.49,165.4,29,47,47.0,83.95,11228.0,38,42,42.0,Argentina
ARM,67.0,64,125,126.0,33.84,75.8,104,130,130.0,38.28,64.5,98,121,121.0,32.58,72.5,107,124,124.0,36.62,71.8,102,123,123.5,36.27,74.3,102,125,125.0,37.53,70.8,104,122,122.0,35.78,73.9,100,124,124.0,37.32,71.7,103,120,120.0,36.22,71.4,103,121,121.5,36.07,38.99,92,96,96.0,40.34,78,81,81.0,74.3,106,125,125.0,37.53,68.7,106,119,119.0,34.7,60.2,95,117,117.0,30.37,4113.0,126,130,130.0,Armenia
ATG,132.0,24,60,60.0,66.67,138.9,40,58,58.0,70.15,136.3,43,62,62.0,68.8,142.7,44,60,60.0,72.03,142.6,43,60,60.0,71.98,141.3,44,60,60.0,71.31,145.7,43,60,60.0,73.61,137.2,41,60,60.0,69.15,146.0,47,62,62.0,73.76,145.1,45,60,60.0,73.28,56.56,58,62,62.0,48.49,55,58,58.0,140.9,44,60,60.0,71.14,145.5,51,64,64.0,73.39,148.7,47,65,65.0,74.89,10077.0,53,57,57.0,Antigua and Barbuda
AUS,157.0,8,34,34.5,79.29,157.9,18,36,36.0,79.75,164.6,17,34,34.5,83.32,164.3,20,35,35.5,83.17,164.1,21,35,35.5,83.08,162.5,23,36,36.5,82.2,167.9,19,35,35.0,85.03,157.6,19,36,36.0,79.75,168.5,21,35,35.0,85.33,166.9,22,35,35.5,84.52,80.05,32,35,35.0,60.45,36,39,39.0,161.3,22,36,36.0,81.55,169.3,24,36,36.0,85.93,175.7,20,37,37.0,89.71,11517.0,36,40,40.0,Australia
AUT,159.0,6,19,23.0,80.3,160.4,12,23,25.0,81.01,166.7,11,23,24.0,84.36,166.5,12,26,26.0,84.25,166.3,13,26,26.0,84.16,164.7,15,27,27.0,83.31,170.2,12,25,25.5,86.16,159.8,13,27,27.0,80.78,170.7,13,26,26.0,86.43,169.2,15,26,26.0,85.66,83.04,26,29,29.0,63.27,24,27,27.0,163.6,15,27,27.0,82.7,171.3,16,27,27.0,86.86,177.5,15,31,31.0,90.38,12234.0,11,14,14.0,Austria
AZE,71.0,60,118,119.0,35.86,79.1,97,122,122.0,39.95,65.9,95,118,118.0,33.28,73.7,103,119,119.0,37.22,72.8,98,119,119.0,36.76,75.6,98,119,119.5,38.18,72.1,101,119,119.0,36.4,75.0,96,119,119.5,37.89,72.9,102,119,119.0,36.81,72.3,102,120,120.0,36.49,36.66,97,101,101.0,37.9,81,84,84.0,76.5,102,121,121.0,38.64,67.7,108,121,121.0,34.17,56.0,99,121,121.0,28.23,4334.0,123,127,127.0,Azerbaijan
BDI,47.0,82,170,171.0,23.74,59.5,144,175,175.0,30.05,39.1,144,174,174.0,19.7,52.2,150,176,176.0,26.3,51.8,145,176,176.0,26.09,54.5,146,176,176.0,27.48,50.2,153,176,176.0,25.27,54.5,144,175,175.0,27.49,49.7,151,175,175.0,25.01,50.9,150,176,176.0,25.63,4.86,174,181,181.0,14.35,162,166,166.5,55.8,150,175,175.0,28.14,45.5,156,177,177.0,22.89,35.2,146,177,177.0,17.69,2880.0,162,167,167.0,Burundi
BEL,160.0,5,6,12.0,80.81,161.2,6,10,11.0,81.41,167.8,6,8,12.0,84.91,167.4,6,8,9.0,84.71,167.1,6,10,11.0,84.57,165.7,8,8,9.5,83.79,170.8,7,11,12.0,86.48,160.8,7,10,11.5,81.3,171.5,7,8,10.0,86.83,169.9,8,11,11.5,86.02,83.82,14,15,15.0,64.47,12,15,15.0,164.4,8,10,11.0,83.11,172.2,8,9,10.5,87.31,178.4,7,12,13.0,90.81,12362.0,5,6,6.0,Belgium
BEN,59.0,71,141,142.5,29.8,70.8,114,140,140.0,35.76,50.1,119,143,143.0,25.28,62.3,124,142,142.0,31.43,61.9,118,142,142.0,31.23,65.1,118,142,142.0,32.85,59.5,125,146,146.5,30.02,66.0,114,138,138.0,33.32,58.8,127,146,146.5,29.64,60.5,124,144,144.0,30.52,7.57,144,150,150.0,18.38,128,132,132.0,66.5,122,142,142.0,33.57,54.6,131,145,146.0,27.52,42.8,123,147,147.5,21.54,3732.0,136,140,140.0,Benin
BFA,54.0,75,153,154.0,27.27,66.9,124,152,152.0,33.79,45.3,130,157,157.0,22.85,58.4,135,155,155.5,29.45,58.0,130,155,155.5,29.25,61.0,128,155,155.5,30.77,56.0,134,157,157.0,28.22,61.7,124,151,151.5,31.16,55.1,137,158,158.5,27.76,56.8,135,155,155.0,28.63,6.33,154,161,161.0,16.24,145,149,149.0,62.5,133,154,154.0,31.54,50.9,139,158,158.0,25.64,39.8,131,158,158.0,20.02,3416.0,144,149,149.0,Burkina Faso
BGD,33.0,93,193,193.5,16.67,48.9,160,193,193.0,24.7,26.3,162,194,194.0,13.28,41.7,165,193,193.0,21.05,41.2,161,193,193.0,20.8,43.3,162,193,193.0,21.87,41.4,167,193,193.0,20.89,41.5,162,194,194.0,20.98,40.6,167,193,193.0,20.48,41.5,165,193,193.0,20.94,0.86,190,198,198.0,3.16,190,198,198.0,45.2,167,193,193.0,22.82,35.4,168,193,193.5,17.86,26.0,163,195,195.0,13.1,2597.0,173,178,178.0,Bangladesh
BGR,158.0,7,28,30.5,79.8,159.8,14,29,30.0,80.71,165.6,15,30,31.0,83.71,165.8,16,31,31.0,83.81,165.5,17,31,31.0,83.66,164.2,18,31,31.0,82.99,169.4,15,30,30.5,85.65,159.0,16,31,31.5,80.35,169.9,17,31,31.0,85.91,168.5,18,30,30.5,85.19,69.42,37,40,40.0,60.37,38,41,41.0,162.9,18,31,31.0,82.31,170.6,19,30,30.5,86.29,176.9,16,32,32.0,89.51,12036.0,26,30,30.0,Bulgaria
BHR,86.0,49,99,100.0,43.43,91.2,81,105,105.5,46.06,82.9,79,100,100.0,41.89,87.7,88,104,104.0,44.31,86.9,83,104,104.0,43.9,90.1,84,103,103.5,45.51,85.2,88,106,106.0,43.06,89.9,80,102,102.0,45.39,86.3,88,105,105.0,43.63,85.8,88,106,106.0,43.35,41.1,85,89,89.0,46.8,63,66,66.0,89.6,86,104,104.0,45.26,83.3,90,103,103.0,42.09,73.8,82,103,103.0,37.27,5526.0,101,105,105.0,Bahrain
BHS,139.0,18,51,51.5,70.2,144.2,33,51,51.0,72.83,144.3,34,53,53.0,72.89,148.7,36,52,52.0,75.12,148.6,35,52,52.0,75.06,147.3,36,51,51.5,74.38,152.1,36,52,52.0,76.88,142.6,33,50,50.5,71.95,151.9,38,53,53.0,76.81,151.3,37,52,52.0,76.48,61.03,50,54,54.0,50.95,49,52,52.0,146.5,35,51,51.0,74.0,152.3,41,53,53.0,76.92,157.2,38,56,56.0,79.33,10720.0,45,49,49.0,Bahamas
BIH,110.0,41,87,88.0,55.56,119.8,65,87,87.0,60.51,116.3,64,84,84.0,58.73,125.5,69,85,85.0,63.38,125.3,66,85,85.0,63.28,123.9,67,85,85.0,62.54,128.3,68,86,86.0,64.82,120.0,60,81,81.0,60.6,129.0,68,85,85.0,65.15,127.6,70,86,86.0,64.44,54.55,60,64,64.0,47.2,60,63,63.0,122.7,69,86,86.0,61.97,130.3,70,83,83.0,65.77,137.4,62,81,81.0,69.27,7500.0,87,91,91.0,Bosnia and Herzegovina
BLR,81.0,53,107,107.5,40.91,87.1,85,110,110.0,43.99,77.3,86,108,108.0,39.05,82.9,94,110,110.0,41.88,82.1,89,110,110.0,41.48,85.2,88,109,109.0,43.04,80.5,92,110,110.0,40.66,85.4,86,109,109.0,43.16,81.7,93,110,110.0,41.28,81.3,92,110,110.0,41.06,41.54,82,86,86.0,45.66,66,69,69.0,85.2,91,109,109.5,43.04,77.8,97,110,110.0,39.31,66.6,89,111,111.0,33.62,4912.0,108,112,112.0,Belarus
BLZ,87.0,48,98,98.0,43.94,96.8,76,99,99.0,48.89,81.1,81,103,103.0,40.92,90.8,84,100,100.0,45.82,90.1,80,100,100.0,45.46,92.9,81,100,100.0,46.89,89.6,82,100,100.0,45.21,91.6,77,99,99.0,46.21,89.9,83,100,100.0,45.38,90.2,84,100,100.0,45.52,21.8,110,114,114.0,23.89,111,115,115.0,93.8,82,99,99.0,47.35,84.9,87,100,100.0,42.8,74.5,79,100,100.0,37.5,6844.0,92,96,96.0,Belize
BOL,71.0,60,118,119.0,35.86,81.5,92,117,117.0,41.16,67.6,92,115,115.0,34.14,77.5,99,115,115.0,39.13,76.7,94,115,115.0,38.73,79.6,94,115,115.0,40.2,75.7,98,116,116.0,38.22,78.7,92,115,115.0,39.76,76.9,97,114,114.0,38.82,76.5,96,114,114.0,38.61,20.02,114,118,118.0,23.79,112,116,116.0,79.6,97,116,116.0,40.2,73.2,100,113,113.0,36.95,64.5,90,112,112.0,32.51,4104.0,127,131,131.0,Bolivia
BRA,149.0,12,44,44.0,75.25,151.4,26,44,44.0,76.46,154.9,28,46,46.5,78.35,156.6,29,45,45.0,79.21,156.4,29,45,45.5,79.11,154.8,31,45,45.5,78.31,160.1,29,45,45.0,80.96,150.1,30,47,47.0,75.97,160.8,30,45,45.0,81.33,159.2,31,45,45.0,80.53,62.69,47,51,51.0,52.92,45,48,48.0,154.2,29,44,44.5,77.94,160.4,36,48,48.0,81.26,164.4,30,48,48.0,83.49,11415.0,37,41,41.0,Brazil
BRB,141.0,16,49,49.0,71.21,147.5,31,49,49.0,74.49,145.9,31,50,50.0,73.66,151.9,33,49,49.0,76.69,151.8,32,49,49.0,76.64,150.4,34,49,49.0,75.92,155.1,33,49,49.0,78.36,146.1,32,49,49.0,73.65,155.3,34,49,49.0,78.48,154.4,34,49,49.0,78.01,59.94,52,56,56.0,50.8,50,53,53.0,149.8,33,49,49.0,75.65,155.3,37,49,49.0,78.37,160.0,33,51,51.0,80.63,11059.0,40,44,44.0,Barbados
BRN,139.0,18,51,51.5,70.2,143.4,34,52,52.0,72.42,146.3,30,49,49.0,73.95,149.2,35,51,51.0,75.42,149.1,34,51,51.0,75.37,147.5,35,50,50.0,74.54,152.8,35,51,51.0,77.31,142.1,34,52,52.5,71.73,153.2,36,51,51.0,77.48,152.0,36,51,51.0,76.86,79.39,34,37,37.0,55.02,43,46,46.0,146.4,36,52,52.0,73.97,154.2,38,50,50.0,77.99,162.2,31,49,49.0,82.05,9786.0,55,59,59.0,Brunei
BTN,49.0,80,165,166.0,24.75,62.6,134,165,165.0,31.62,44.1,134,163,163.0,22.27,57.2,139,161,161.5,28.88,56.6,134,161,162.0,28.57,59.3,134,163,163.0,29.94,55.2,137,160,160.0,27.89,58.9,133,163,163.5,29.72,55.7,134,154,154.0,28.12,55.9,137,158,159.0,28.22,15.68,118,122,122.0,31.45,97,100,100.5,59.9,139,162,162.0,30.25,51.9,137,154,155.0,26.19,42.8,123,147,147.5,21.57,2670.0,169,174,174.0,Bhutan
BWA,72.0,59,116,116.5,36.36,80.5,94,119,119.0,40.66,64.8,97,120,120.0,32.72,73.2,104,120,120.0,36.97,72.6,99,120,120.0,36.66,75.5,99,121,121.0,38.13,71.9,102,120,120.0,36.31,74.2,98,122,122.0,37.48,71.5,104,121,121.5,36.1,72.4,101,119,119.0,36.56,14.61,122,126,126.0,20.79,121,125,125.0,76.9,100,119,119.0,38.84,65.9,110,123,123.0,33.27,53.6,102,124,124.0,27.02,5229.0,106,110,110.0,Botswana
CAF,48.0,81,168,168.5,24.24,61.3,139,170,170.0,30.96,40.3,141,170,170.5,20.3,53.7,146,171,171.0,27.05,53.3,140,171,171.0,26.85,55.9,142,171,171.0,28.18,51.9,149,172,172.0,26.12,56.2,139,170,170.0,28.35,51.0,150,173,173.5,25.66,52.3,146,171,171.5,26.33,4.84,175,182,182.5,13.18,169,176,176.0,57.4,146,171,171.0,28.95,46.6,154,173,174.0,23.44,35.6,145,176,176.0,17.89,2862.0,164,169,169.0,Central African Republic
CAN,155.0,10,39,39.5,78.28,156.6,22,40,40.0,79.09,162.1,22,40,40.0,82.05,162.6,24,40,40.0,82.31,162.5,25,40,40.0,82.27,160.6,26,40,40.0,81.27,166.7,24,40,40.0,84.38,155.3,25,42,42.0,78.6,166.9,25,40,40.0,84.51,165.6,26,40,40.0,83.84,59.11,53,57,57.0,41.68,76,79,79.0,159.8,26,40,40.0,80.79,167.3,29,41,41.0,84.91,173.6,23,40,40.0,88.62,11931.0,29,33,33.0,Canada
CHE,160.0,5,6,12.0,80.81,161.1,7,13,13.0,81.36,167.8,6,8,12.0,84.91,167.3,7,11,12.0,84.66,167.0,7,13,13.5,84.54,165.7,8,8,9.5,83.78,170.7,8,14,14.0,86.43,160.8,7,10,11.5,81.3,171.3,9,15,15.0,86.74,169.8,9,13,13.5,85.97,83.8,15,16,16.0,64.51,10,12,12.0,164.4,8,10,11.0,83.11,172.2,8,9,10.5,87.32,178.3,8,15,16.0,90.79,12194.0,14,17,17.0,Switzerland
CHL,148.0,13,45,45.5,74.75,150.2,28,46,46.0,75.86,157.1,26,44,44.0,79.48,157.8,28,44,44.0,79.84,157.8,28,44,44.0,79.83,155.6,30,44,44.0,78.7,160.9,28,44,44.0,81.44,151.8,27,44,44.0,76.75,162.2,29,44,44.0,82.1,160.2,30,44,44.0,81.09,84.59,4,4,4.0,62.86,30,33,33.0,154.2,29,44,44.5,77.95,163.9,32,44,44.0,83.07,171.8,28,46,46.0,87.35,10809.0,43,47,47.0,Chile
CHN,77.0,57,113,113.5,38.89,84.2,88,113,113.0,42.53,70.6,91,114,114.0,35.71,77.8,98,114,114.0,39.35,77.0,93,114,114.0,38.94,80.0,93,114,114.0,40.47,76.4,96,114,114.0,38.6,79.0,91,114,114.0,40.0,76.4,98,115,115.0,38.63,76.4,97,115,115.0,38.61,16.43,117,121,121.0,22.72,116,120,120.0,81.1,95,114,114.0,40.99,71.0,103,116,116.0,35.95,58.1,97,119,119.0,29.48,3930.0,132,136,136.0,China
CIV,53.0,76,156,157.0,26.77,66.8,125,153,153.5,33.74,43.1,135,164,164.0,21.75,57.3,138,160,160.0,28.92,56.9,133,160,160.0,28.72,60.2,130,158,158.0,30.39,54.6,139,162,162.0,27.54,61.2,126,156,156.0,30.92,53.6,141,164,164.0,27.03,55.5,139,162,162.0,28.0,5.6,167,174,174.0,16.26,143,147,147.0,61.9,135,157,157.5,31.25,49.1,146,165,165.0,24.76,36.8,141,171,171.5,18.53,3446.0,142,147,147.0,Ivory Coast
CMR,46.0,83,173,174.0,23.23,59.6,143,174,174.0,30.1,37.4,148,179,179.0,18.87,51.3,152,178,178.0,25.88,50.9,147,178,178.0,25.68,53.5,148,178,178.0,27.0,49.5,155,178,178.0,24.95,53.7,146,177,177.0,27.12,48.7,155,180,180.0,24.55,50.1,152,178,178.0,25.26,5.36,169,176,176.0,14.72,160,164,164.0,55.3,152,178,178.0,27.91,44.2,158,180,180.0,22.27,33.8,151,182,182.0,17.01,2940.0,160,165,165.0,Cameroon
COD,41.0,87,181,182.5,20.71,54.4,152,185,185.0,27.47,34.4,152,183,183.0,17.35,48.0,157,183,183.0,24.21,47.7,152,183,183.0,24.06,50.1,153,183,183.0,25.28,46.6,159,183,183.0,23.48,49.7,152,183,183.0,25.12,45.9,158,183,183.5,23.12,47.1,157,183,183.0,23.74,4.58,176,184,184.0,12.75,170,177,177.0,51.2,157,183,183.0,25.84,42.2,162,184,184.5,21.26,33.1,153,185,185.0,16.65,2518.0,175,180,180.0,DR Congo
COG,46.0,83,173,174.0,23.23,59.3,146,177,177.0,29.95,38.3,146,177,177.0,19.32,51.8,151,177,177.0,26.13,51.4,146,177,177.0,25.93,54.2,147,177,177.0,27.34,49.8,154,177,177.0,25.11,54.4,145,176,176.0,27.47,48.8,154,179,179.0,24.6,50.4,151,177,177.0,25.41,4.91,173,180,180.0,14.75,159,163,163.0,55.4,151,176,176.5,27.96,45.1,157,178,178.5,22.72,34.9,148,179,179.0,17.56,2754.0,167,172,172.0,Congo
COL,117.0,34,74,75.0,59.09,126.8,53,73,73.0,64.04,124.4,55,74,74.0,62.88,133.2,56,72,72.0,67.33,133.2,55,72,72.0,67.33,131.0,56,72,72.0,66.23,136.8,55,72,72.0,69.14,126.9,52,72,72.0,64.17,137.6,57,72,72.0,69.56,135.9,57,72,72.0,68.69,37.76,96,100,100.0,32.16,95,98,98.0,130.2,55,72,72.0,65.79,138.3,59,72,72.0,69.95,144.3,56,74,74.0,73.01,8764.0,68,72,72.0,Colombia
COM,51.0,78,161,161.0,25.76,62.7,133,163,163.5,31.67,44.4,133,160,161.0,22.37,56.3,141,164,164.0,28.37,55.9,135,164,164.0,28.16,58.7,135,164,164.0,29.59,54.4,141,164,164.0,27.41,58.4,134,165,165.0,29.43,54.0,139,162,162.0,27.2,55.2,140,163,163.5,27.81,5.97,159,166,166.0,14.35,162,166,166.5,59.5,141,165,165.0,30.01,50.3,143,162,162.0,25.31,40.3,129,156,156.0,20.26,2660.0,170,175,175.0,Comoros
CPV,64.0,67,132,133.0,32.32,75.5,107,133,133.0,38.13,55.2,111,135,135.0,27.86,67.1,114,131,131.0,33.86,66.7,109,131,131.0,33.66,70.0,108,131,131.0,35.33,64.4,114,133,133.5,32.52,70.7,104,128,128.0,35.65,63.7,117,135,135.0,32.15,65.2,114,133,133.0,32.92,11.5,130,135,135.0,21.4,119,123,123.0,71.3,111,131,131.0,36.0,59.3,120,133,133.0,29.9,46.7,111,134,134.0,23.51,3978.0,128,132,132.0,Cape Verde
CRI,128.0,27,63,63.5,64.65,136.0,44,62,62.0,68.69,135.5,45,64,64.0,68.48,142.3,45,61,61.0,71.92,142.1,44,61,61.0,71.82,140.5,45,61,61.0,70.99,145.6,44,61,61.0,73.62,135.9,42,61,61.0,68.64,146.6,45,60,60.0,74.13,144.9,46,61,61.0,73.26,43.38,79,83,83.0,34.51,86,89,89.0,139.2,45,61,61.0,70.33,147.5,48,60,60.5,74.57,154.5,42,60,60.0,78.1,9228.0,65,69,69.0,Costa Rica
CUB,56.0,73,146,147.5,28.28,68.4,121,148,148.0,34.55,49.7,120,144,144.5,25.09,61.8,126,144,144.0,31.2,61.2,120,144,144.5,30.89,63.5,121,147,147.0,32.06,60.9,122,143,143.0,30.73,62.4,122,148,148.5,31.52,61.0,122,140,140.5,30.79,61.0,123,143,143.0,30.79,10.35,133,138,138.0,13.65,167,174,174.0,65.1,126,147,147.0,32.87,55.5,128,141,141.5,28.0,44.5,115,139,139.0,22.42,3130.0,155,160,160.0,Cuba
CYP,156.0,9,36,37.0,78.79,158.8,17,34,34.5,80.2,163.1,21,39,39.0,82.49,164.3,20,35,35.5,83.1,164.1,21,35,35.5,83.01,162.9,22,35,35.0,82.33,167.7,20,36,36.0,84.91,157.7,18,34,34.5,79.65,168.2,23,37,37.5,85.13,166.9,22,35,35.5,84.5,68.56,39,42,42.0,59.51,40,43,43.0,161.7,21,35,35.0,81.73,168.7,26,38,38.0,85.44,174.6,22,39,39.0,88.6,11982.0,28,32,32.0,Cyprus
CZE,158.0,7,28,30.5,79.8,159.4,15,32,32.0,80.51,165.6,15,30,31.0,83.78,165.4,18,33,33.0,83.68,165.2,19,33,33.0,83.59,163.6,20,33,33.0,82.75,169.1,16,32,32.0,85.59,158.5,17,33,33.0,80.13,169.6,18,32,32.0,85.84,168.2,19,32,32.0,85.13,64.24,43,46,46.5,47.35,58,61,61.0,162.6,19,32,32.5,82.19,170.1,20,32,32.0,86.22,176.3,18,34,34.5,89.66,12100.0,23,27,27.0,Czech Republic
DEU,160.0,5,6,12.0,80.81,161.0,8,14,15.5,81.31,167.8,6,8,12.0,84.94,167.2,8,14,14.5,84.64,166.9,8,15,15.0,84.5,165.4,10,15,16.5,83.69,170.8,7,11,12.0,86.48,160.5,9,17,18.0,81.21,171.4,8,13,13.5,86.8,169.8,9,13,13.5,85.97,81.25,31,34,34.0,63.6,20,23,23.0,164.3,9,13,13.5,83.07,171.9,11,18,19.0,87.25,177.7,14,29,29.5,90.75,12298.0,9,10,10.0,Germany
DJI,45.0,84,176,177.0,22.73,59.4,145,176,176.0,30.0,38.9,145,175,175.5,19.62,53.1,147,172,172.5,26.78,52.5,142,173,173.0,26.49,55.4,143,172,172.0,27.94,51.4,151,174,174.0,25.92,54.7,143,174,174.0,27.61,51.1,149,172,172.0,25.76,52.0,148,174,174.0,26.23,4.99,172,179,179.0,12.64,172,179,179.0,56.2,149,174,174.0,28.37,47.1,153,172,172.0,23.73,37.4,139,168,168.5,18.82,2471.0,177,182,182.0,Djibouti
DMA,123.0,31,70,70.0,62.12,132.0,51,70,70.0,66.67,127.2,52,71,71.0,64.17,135.8,54,70,70.0,68.51,135.6,53,70,70.0,68.38,134.4,54,70,70.0,67.81,139.4,53,70,70.0,70.35,129.4,50,70,70.0,65.19,139.3,55,70,70.0,70.33,138.6,55,70,70.0,69.94,52.61,63,67,67.0,45.77,65,68,68.0,134.1,53,70,70.0,67.69,138.6,58,71,71.0,69.84,141.5,59,78,78.0,71.19,9348.0,61,65,65.0,Dominica
DNK,160.0,5,6,12.0,80.81,161.2,6,10,11.0,81.41,167.8,6,8,12.0,84.91,167.4,6,8,9.0,84.71,167.2,5,7,8.0,84.62,165.7,8,8,9.5,83.8,170.9,6,9,9.5,86.53,160.8,7,10,11.5,81.28,171.5,7,8,10.0,86.84,170.0,7,8,9.0,86.07,84.01,10,10,10.0,64.55,8,8,9.0,164.5,7,9,9.0,83.16,172.2,8,9,10.5,87.31,178.4,7,12,13.0,90.81,12364.0,4,4,4.5,Denmark
DOM,67.0,64,125,126.0,33.84,77.0,101,126,126.0,38.89,63.6,99,122,122.0,32.14,72.8,105,121,121.0,36.79,72.3,100,121,121.0,36.53,74.6,100,122,122.0,37.71,71.0,103,121,121.0,35.88,75.0,96,119,119.5,37.89,70.9,105,123,123.0,35.84,71.4,103,121,121.5,36.09,21.32,112,116,116.0,23.36,113,117,117.0,74.9,105,124,124.0,37.84,68.6,107,120,120.0,34.68,61.0,94,116,116.0,30.84,3736.0,135,139,139.0,Dominican Republic
DZA,54.0,75,153,154.0,27.27,66.4,126,155,155.0,33.54,45.7,128,154,154.5,23.09,58.3,136,157,157.0,29.45,57.8,131,157,157.0,29.2,60.7,129,157,157.0,30.66,56.2,133,155,155.5,28.38,61.1,127,157,157.0,30.9,55.5,136,156,156.5,28.02,56.7,136,156,156.5,28.63,4.48,178,186,186.0,12.03,173,180,180.0,62.3,134,155,155.5,31.47,50.8,140,159,159.0,25.66,38.7,135,164,164.0,19.53,2964.0,157,162,162.0,Algeria
ECU,85.0,50,102,102.5,42.93,90.9,82,107,107.0,45.91,82.5,80,101,101.5,41.67,87.6,89,105,105.0,44.25,86.8,84,105,105.0,43.84,89.2,85,105,105.0,45.06,85.7,86,104,104.0,43.28,89.1,82,104,104.5,45.02,87.1,85,102,102.0,44.0,86.4,86,104,104.0,43.64,43.8,77,81,81.0,45.04,71,74,74.0,89.3,87,105,105.0,45.11,83.5,89,102,102.0,42.17,74.7,78,99,99.0,37.69,5262.0,105,109,109.0,Ecuador
EGY,48.0,81,168,168.5,24.24,61.9,137,168,168.0,31.26,40.3,141,170,170.5,20.37,54.3,145,170,170.0,27.44,53.7,139,170,170.0,27.13,56.5,141,170,170.0,28.57,53.0,144,167,167.0,26.76,55.5,141,172,172.0,28.07,52.4,144,167,167.0,26.47,53.3,144,168,168.5,26.92,5.88,160,167,167.0,11.86,174,181,181.0,58.0,145,169,169.5,29.3,47.5,151,170,170.0,24.01,36.9,140,170,170.0,18.65,2733.0,168,173,173.0,Egypt
ERI,36.0,91,190,190.5,18.18,52.6,155,188,188.0,26.57,30.2,159,191,191.0,15.21,46.4,161,188,188.5,23.38,46.0,157,189,189.0,23.17,48.3,158,189,189.0,24.35,44.9,163,188,188.5,22.6,48.2,157,188,188.0,24.32,44.3,162,188,188.0,22.3,45.3,161,188,188.5,22.81,4.11,180,188,188.0,9.49,179,186,186.5,49.4,163,189,189.0,24.91,40.8,165,188,188.0,20.53,32.3,154,186,186.0,16.24,2030.0,185,190,190.0,Eritrea
ESP,161.0,4,5,5.0,81.31,162.2,3,3,3.0,81.92,168.5,4,5,5.0,85.3,168.1,3,3,3.5,85.1,167.9,3,3,3.5,84.99,166.2,4,4,4.0,84.13,172.0,3,3,3.0,87.09,161.0,5,5,6.0,81.44,172.4,3,3,3.0,87.31,171.0,3,3,3.0,86.6,82.84,27,30,30.0,64.02,15,18,18.0,165.3,3,3,3.0,83.58,172.6,4,4,4.0,87.62,177.9,12,24,24.5,90.9,12364.0,4,4,4.5,Spain
EST,158.0,7,28,30.5,79.8,159.8,14,29,30.0,80.71,165.9,14,28,28.5,83.87,166.1,13,27,27.0,83.97,165.8,14,27,27.5,83.84,164.5,16,28,28.0,83.08,169.6,13,27,27.5,85.83,159.2,15,29,29.5,80.42,170.3,14,27,27.0,86.14,168.7,16,27,27.5,85.34,83.3,18,19,19.0,63.36,21,24,24.0,163.1,16,28,28.5,82.42,171.2,17,28,28.0,86.61,178.3,8,15,16.0,90.24,12170.0,16,19,19.0,Estonia
ETH,42.0,86,180,180.0,21.21,55.8,149,180,180.5,28.18,35.2,150,181,181.0,17.76,49.0,155,181,181.0,24.72,48.6,150,181,181.0,24.52,51.0,151,181,181.0,25.76,47.5,157,181,181.0,23.94,50.6,150,181,181.0,25.57,47.2,156,181,181.0,23.79,48.0,155,181,181.0,24.2,5.12,171,178,178.0,11.08,177,184,184.0,52.3,155,181,181.0,26.4,43.1,159,181,181.0,21.73,34.0,150,181,181.0,17.11,2168.0,182,187,187.0,Ethiopia
FIN,160.0,5,6,12.0,80.81,161.4,4,4,6.0,81.52,167.9,5,6,6.5,84.94,167.5,5,6,6.5,84.74,167.3,4,5,5.5,84.65,165.9,6,6,6.0,83.86,171.0,5,5,6.5,86.59,161.0,5,5,6.0,81.38,171.6,6,6,6.5,86.87,170.1,6,6,6.5,86.11,84.07,9,9,9.0,64.55,8,8,9.0,164.6,6,6,7.0,83.2,172.4,6,7,7.0,87.37,178.7,5,8,9.0,90.83,12278.0,10,11,12.0,Finland
FJI,81.0,53,107,107.5,40.91,91.2,81,105,105.5,46.06,75.7,88,110,110.5,38.23,85.7,91,107,107.0,43.28,85.0,86,107,107.0,42.92,87.7,87,107,107.5,44.29,84.4,89,107,107.0,42.65,86.3,84,107,107.0,43.55,84.6,90,107,107.0,42.74,85.0,89,107,107.0,42.95,38.54,94,98,98.0,39.97,79,82,82.0,88.4,89,107,107.0,44.65,80.3,95,108,108.0,40.54,71.2,85,107,107.0,35.91,5529.0,100,104,104.0,Fiji
FRA,160.0,5,6,12.0,80.81,161.2,6,10,11.0,81.41,167.8,6,8,12.0,84.93,167.3,7,11,12.0,84.68,167.1,6,10,11.0,84.59,165.5,9,12,13.0,83.76,170.9,6,9,9.5,86.51,160.6,8,14,15.0,81.26,171.5,7,8,10.0,86.84,170.0,7,8,9.0,86.06,82.15,30,33,33.0,63.78,19,22,22.0,164.4,8,10,11.0,83.12,172.0,10,14,15.5,87.28,177.9,12,24,24.5,90.77,12212.0,13,16,16.0,France
FSM,104.0,45,95,95.0,52.53,115.5,70,92,92.5,58.33,108.3,72,93,93.0,54.59,119.3,76,92,92.0,60.13,119.4,72,92,92.0,60.18,117.4,73,92,92.0,59.17,123.1,74,92,92.0,62.08,112.6,70,92,92.0,56.7,122.8,75,92,92.0,61.9,122.3,76,92,92.0,61.67,45.2,73,77,77.0,30.19,100,104,104.0,117.4,75,92,92.0,59.23,123.0,79,92,92.0,61.92,129.4,71,91,91.5,65.06,7472.0,88,92,92.0,Micronesia
GAB,56.0,73,146,147.5,28.28,68.2,122,149,149.5,34.44,48.1,122,148,148.0,24.28,60.4,131,149,149.5,30.49,59.9,124,149,149.0,30.24,63.0,122,148,148.0,31.8,58.3,129,151,151.0,29.43,62.8,120,146,146.0,31.72,57.8,131,151,151.0,29.18,58.9,131,151,151.0,29.73,6.67,150,156,156.0,15.13,157,161,161.0,64.2,128,149,149.0,32.42,53.5,133,149,149.0,26.99,42.6,124,149,149.5,21.46,3138.0,154,159,159.0,Gabon
GBR,156.0,9,36,37.0,78.79,156.9,20,38,38.0,79.24,163.7,20,38,38.0,82.85,163.2,23,39,39.0,82.59,163.1,24,39,39.0,82.55,161.2,25,39,39.0,81.55,167.2,23,39,39.0,84.64,156.1,22,39,39.0,78.96,167.5,24,39,39.0,84.81,166.1,25,39,39.0,84.08,61.52,49,53,53.0,45.25,69,72,72.0,160.2,25,39,39.0,80.99,168.2,27,39,39.0,85.32,174.9,21,38,38.0,89.15,12147.0,18,21,21.0,United Kingdom
GEO,119.0,33,72,72.5,60.1,125.0,56,76,76.0,63.13,125.5,53,72,72.0,63.42,130.8,60,76,76.0,66.09,130.5,60,77,77.5,65.94,129.1,60,76,76.5,65.22,133.7,61,78,78.5,67.58,124.9,54,74,74.0,63.09,134.9,60,76,76.0,68.19,133.1,63,78,78.0,67.27,54.66,59,63,63.0,46.89,62,65,65.0,128.0,60,77,77.0,64.67,135.3,65,78,78.0,68.38,140.5,60,79,79.0,70.98,8194.0,79,83,83.0,Georgia
GHA,64.0,67,132,133.0,32.32,76.0,103,128,128.5,38.38,53.3,114,138,138.0,26.92,65.8,119,136,136.5,33.23,65.1,113,136,136.5,32.88,68.8,112,135,135.0,34.75,63.8,117,137,137.0,32.22,68.1,111,135,135.0,34.41,63.1,119,137,137.0,31.85,64.4,117,137,137.0,32.52,6.55,153,159,159.5,18.08,133,137,137.0,70.8,115,135,135.0,35.76,56.5,126,139,139.0,28.53,42.0,126,152,152.5,21.18,4882.0,109,113,113.0,Ghana
GIN,53.0,76,156,157.0,26.77,66.1,127,156,156.0,33.38,45.7,128,154,154.5,23.04,58.7,134,154,154.0,29.6,58.2,129,154,154.0,29.35,61.5,126,153,153.0,31.01,56.3,132,154,154.0,28.37,61.6,125,153,154.0,31.11,55.6,135,155,155.0,28.0,57.1,134,154,154.0,28.77,8.0,141,147,147.0,17.88,135,139,139.0,62.3,134,155,155.5,31.44,51.9,137,154,155.0,26.13,41.1,127,154,154.0,20.67,3332.0,150,155,155.0,Guinea
GMB,65.0,66,130,130.5,32.83,76.1,102,127,127.0,38.43,54.7,112,136,136.0,27.59,66.2,117,134,134.0,33.4,65.6,111,134,134.0,33.09,69.1,111,134,134.0,34.88,64.2,115,135,135.0,32.39,68.6,109,133,133.0,34.59,63.2,118,136,136.0,31.87,64.8,115,134,134.5,32.69,6.75,149,155,155.0,17.73,136,140,140.0,71.1,113,133,133.0,35.89,57.0,123,136,136.0,28.72,42.6,124,149,149.5,21.43,4827.0,111,115,115.0,Gambia
GNB,49.0,80,165,166.0,24.75,62.7,133,163,163.5,31.67,40.7,140,169,169.0,20.51,54.6,144,168,168.5,27.52,54.2,138,169,169.0,27.31,57.1,139,168,168.0,28.79,52.7,146,169,169.0,26.55,57.2,137,168,168.0,28.84,51.7,147,170,170.0,26.04,53.3,144,168,168.5,26.85,5.65,164,171,171.0,15.5,152,156,156.0,58.6,142,166,166.0,29.56,47.3,152,171,171.0,23.81,35.9,143,174,174.0,18.05,3204.0,152,157,157.0,Guinea-Bissau
GNQ,54.0,75,153,154.0,27.27,65.6,128,157,157.5,33.13,45.5,129,156,156.0,22.95,57.4,137,158,158.5,28.95,57.0,132,158,158.5,28.75,59.8,131,159,159.5,30.16,55.4,135,158,158.0,27.94,60.1,131,161,161.0,30.33,54.6,138,160,160.5,27.54,55.9,137,158,159.0,28.19,5.43,168,175,175.0,14.05,163,168,168.5,61.4,136,159,159.0,30.99,49.9,144,163,163.0,25.14,38.4,136,165,165.0,19.32,2944.0,159,164,164.0,Equatorial Guinea
GRC,159.0,6,19,23.0,80.3,160.6,10,20,20.5,81.11,166.7,11,23,24.0,84.34,166.7,11,24,24.5,84.34,166.5,12,21,23.0,84.23,164.9,13,25,25.0,83.41,170.3,11,20,22.0,86.2,159.9,12,26,26.0,80.82,170.9,12,22,23.5,86.51,169.3,14,25,25.0,85.71,83.15,22,25,25.0,63.26,25,28,28.0,163.8,13,20,22.5,82.8,171.5,14,25,25.0,86.92,177.8,13,26,27.0,90.4,12299.0,8,9,9.0,Greece
GRD,128.0,27,63,63.5,64.65,135.6,46,64,64.0,68.48,132.9,47,66,66.0,67.07,139.9,50,66,66.0,70.6,139.9,49,66,66.0,70.57,138.4,50,66,66.0,69.85,143.2,49,66,66.0,72.31,134.3,46,65,65.5,67.66,142.9,51,66,66.0,72.19,142.5,51,66,66.0,71.96,57.89,55,59,59.0,48.82,53,56,56.0,137.8,48,64,64.5,69.57,143.4,53,66,66.0,72.3,148.4,48,66,66.0,74.71,9586.0,57,61,61.0,Grenada
GTM,114.0,37,79,80.5,57.58,124.7,58,78,79.0,62.98,121.7,58,77,77.0,61.44,131.4,59,75,75.0,66.34,131.4,58,75,75.0,66.35,129.3,59,75,75.0,65.28,135.1,57,74,74.0,68.2,124.5,55,75,75.5,62.89,135.5,59,75,75.0,68.39,134.4,59,74,74.0,67.85,42.25,80,84,84.0,33.07,92,95,95.0,128.1,59,76,76.0,64.69,137.5,60,73,73.0,69.38,147.4,49,67,67.0,74.27,8106.0,81,85,85.0,Guatemala
GUY,82.0,52,105,105.5,41.41,91.3,80,103,103.5,46.11,77.6,85,107,107.0,39.18,86.3,90,106,106.0,43.57,85.5,85,106,106.0,43.18,88.2,86,106,106.0,44.5,85.5,87,105,105.0,43.18,86.1,85,108,108.0,43.5,85.6,89,106,106.0,43.23,86.0,87,105,105.0,43.42,20.42,113,117,117.0,22.78,115,119,119.0,88.8,88,106,106.0,44.84,81.1,94,107,107.0,40.93,71.9,84,106,106.0,36.23,5751.0,97,101,101.0,Guyana
HKG,153.0,11,41,42.0,77.27,154.5,24,42,42.0,78.03,161.1,24,42,42.0,81.52,161.1,26,42,42.0,81.52,160.9,27,42,42.5,81.44,159.5,28,42,42.0,80.64,163.8,27,43,43.0,82.91,155.9,23,40,40.0,78.83,164.6,28,43,43.0,83.34,163.1,29,43,43.0,82.58,71.54,35,38,38.0,61.02,33,36,36.0,157.9,28,43,43.0,79.82,166.3,30,42,42.0,84.31,173.0,24,41,41.0,88.04,10492.0,47,51,51.0,Hong Kong
HND,114.0,37,79,80.5,57.58,123.8,59,81,81.0,62.53,121.0,60,79,79.5,61.07,130.0,63,79,79.0,65.61,130.0,61,79,79.0,65.61,128.0,62,79,79.0,64.62,133.7,61,78,78.5,67.45,123.4,58,79,79.0,62.32,134.0,62,78,78.5,67.61,132.9,64,79,79.0,67.06,38.26,95,99,99.0,29.8,101,105,105.0,127.0,62,79,79.0,64.12,135.4,64,77,77.0,68.28,143.4,57,75,75.5,72.2,8397.0,72,76,76.0,Honduras
HRV,159.0,6,19,23.0,80.3,160.4,12,23,25.0,81.01,167.0,9,20,20.5,84.46,166.8,10,19,21.0,84.36,166.6,11,19,19.5,84.25,165.0,12,21,22.5,83.44,170.3,11,20,22.0,86.16,160.1,10,20,21.0,80.89,170.9,12,22,23.5,86.48,169.4,13,22,23.0,85.71,84.12,7,7,7.0,64.56,7,7,7.0,163.8,13,20,22.5,82.79,171.9,11,18,19.0,87.05,178.7,5,8,9.0,90.65,12114.0,21,25,25.0,Croatia
HTI,45.0,84,176,177.0,22.73,57.8,147,178,178.0,29.19,40.9,139,168,168.0,20.61,53.1,147,172,172.5,26.76,52.8,141,172,172.0,26.61,54.8,145,174,174.5,27.63,51.8,150,173,173.0,26.09,54.8,142,173,173.0,27.65,51.0,150,173,173.5,25.7,52.1,147,173,173.0,26.25,9.29,135,140,140.0,13.84,166,173,173.0,55.4,151,176,176.5,27.95,48.9,147,166,166.0,24.61,42.4,125,151,151.0,21.32,2306.0,180,185,185.0,Haiti
HUN,159.0,6,19,23.0,80.3,160.4,12,23,25.0,81.01,167.0,9,20,20.5,84.45,166.8,10,19,21.0,84.35,166.5,12,21,23.0,84.2,165.0,12,21,22.5,83.44,170.4,10,16,17.5,86.16,160.0,11,23,24.0,80.88,171.0,11,18,19.5,86.51,169.5,12,18,19.5,85.72,83.98,11,11,11.5,64.49,11,13,13.5,163.8,13,20,22.5,82.78,171.9,11,18,19.0,87.03,178.7,5,8,9.0,90.61,12160.0,17,20,20.0,Hungary
IDN,77.0,57,113,113.5,38.89,85.7,87,112,112.0,43.28,71.8,89,112,112.0,36.3,80.2,97,113,113.0,40.55,79.5,92,113,113.0,40.19,82.3,92,113,113.0,41.63,78.0,95,113,113.0,39.41,82.8,88,111,111.0,41.89,78.3,96,113,113.0,39.56,78.5,95,113,113.0,39.67,18.36,115,119,119.0,25.02,108,112,112.0,83.0,93,112,112.0,41.94,74.5,99,112,112.0,37.7,64.1,91,113,113.0,32.46,3937.0,131,135,135.0,Indonesia
IND,55.0,74,150,151.0,27.78,69.3,119,146,146.0,35.0,47.6,124,150,150.0,24.06,62.1,125,143,143.0,31.39,61.4,119,143,143.0,31.04,64.2,119,143,143.5,32.48,61.1,121,142,142.0,30.85,62.5,121,147,147.0,31.63,60.8,123,142,142.0,30.72,61.2,122,142,142.0,30.92,8.13,139,145,145.0,15.38,155,159,159.0,65.7,124,144,144.5,33.2,55.2,129,143,143.0,27.92,43.4,121,145,145.0,21.97,3459.0,141,145,145.5,India
IRL,160.0,5,6,12.0,80.81,161.0,8,14,15.5,81.31,167.3,7,17,17.0,84.7,167.0,9,16,17.0,84.54,166.8,9,16,16.5,84.48,165.4,10,15,16.5,83.67,170.5,9,15,15.0,86.36,160.6,8,14,15.0,81.25,171.1,10,16,16.5,86.66,169.6,11,16,16.5,85.91,83.05,25,28,28.0,63.94,17,20,20.0,164.2,10,15,15.5,83.02,171.8,12,21,21.5,87.22,177.7,14,29,29.5,90.81,12116.0,20,24,24.0,Ireland
IRN,39.0,89,186,187.0,19.7,52.5,156,189,189.0,26.52,34.1,153,184,184.0,17.23,47.4,159,185,185.5,23.95,46.9,154,185,185.5,23.7,49.0,156,187,187.0,24.77,46.0,161,186,186.0,23.23,48.9,155,186,186.0,24.73,45.9,158,183,183.5,23.19,46.2,160,187,187.0,23.34,4.84,175,182,182.5,6.91,183,191,191.0,49.9,162,188,188.0,25.21,42.6,160,182,182.0,21.54,34.7,149,180,180.0,17.54,1885.0,190,195,195.0,Iran
IRQ,29.0,95,196,196.5,14.65,45.4,164,197,197.0,22.93,24.0,164,196,196.0,12.12,39.9,168,196,196.0,20.15,39.5,164,196,196.0,19.95,41.6,165,196,196.0,21.01,38.6,171,197,197.0,19.48,41.4,163,195,195.5,20.93,38.4,170,196,196.0,19.39,39.0,169,197,197.0,19.69,2.55,186,194,194.0,5.17,187,195,195.0,42.6,171,197,197.0,21.52,35.2,169,195,195.0,17.77,28.0,160,192,192.0,14.12,1642.0,192,197,197.0,Iraq
ISL,155.0,10,39,39.5,78.28,157.0,19,37,37.0,79.29,163.8,19,37,37.0,82.8,164.1,21,37,37.0,82.95,163.9,22,37,37.0,82.87,162.5,23,36,36.5,82.06,167.6,21,37,37.0,84.81,157.4,20,37,37.0,79.47,168.4,22,36,36.0,85.2,166.8,23,37,37.0,84.37,83.29,19,20,20.5,63.24,27,30,30.0,160.8,23,37,37.0,81.25,169.9,21,33,33.0,85.94,177.8,13,26,27.0,89.96,11566.0,35,39,39.0,Iceland
ISR,140.0,17,50,50.0,70.71,144.6,32,50,50.0,73.03,145.6,32,51,51.0,73.6,149.5,34,50,50.0,75.58,149.4,33,50,50.0,75.54,147.3,36,51,51.5,74.42,153.5,34,50,50.0,77.63,142.6,33,50,50.5,72.05,153.4,35,50,50.0,77.59,152.8,35,50,50.0,77.26,57.3,57,61,61.0,36.72,83,86,86.0,147.0,34,50,50.0,74.28,153.9,39,51,51.0,77.85,161.3,32,50,50.0,81.63,11032.0,41,45,45.0,Israel
ITA,160.0,5,6,12.0,80.81,161.0,8,14,15.5,81.31,167.8,6,8,12.0,84.92,167.2,8,14,14.5,84.61,167.0,7,13,13.5,84.52,165.4,10,15,16.5,83.69,170.8,7,11,12.0,86.45,160.5,9,17,18.0,81.19,171.4,8,13,13.5,86.77,169.9,8,11,11.5,85.99,82.49,29,32,32.0,63.9,18,21,21.0,164.3,9,13,13.5,83.06,172.1,9,13,13.0,87.29,178.2,9,18,18.0,90.79,12358.0,6,7,7.0,Italy
JAM,84.0,51,104,104.0,42.42,94.0,78,101,101.0,47.47,78.6,84,106,106.0,39.69,88.1,86,102,102.0,44.49,87.2,82,102,102.5,44.03,90.7,83,102,102.0,45.8,86.0,85,103,103.0,43.44,90.0,79,101,101.0,45.42,86.5,87,104,104.0,43.69,86.8,85,101,102.0,43.84,22.34,109,113,113.0,27.08,106,110,110.0,91.1,84,101,101.5,46.01,81.8,91,104,104.0,41.28,69.8,87,109,109.0,35.18,6340.0,94,98,98.0,Jamaica
JOR,49.0,80,165,166.0,24.75,62.2,136,167,167.0,31.41,44.4,133,160,161.0,22.43,57.2,139,161,161.5,28.9,56.6,134,161,162.0,28.59,59.6,132,161,161.0,30.12,54.9,138,161,161.0,27.74,59.4,132,162,162.0,30.0,55.5,136,156,156.5,28.04,55.8,138,161,161.0,28.19,13.27,128,132,132.0,18.12,132,136,136.0,59.7,140,163,163.5,30.16,52.3,136,153,153.0,26.42,43.5,120,144,144.0,21.96,2956.0,158,163,163.0,Jordan
JPN,162.0,3,4,4.0,81.82,160.5,11,22,22.0,81.06,170.0,3,3,3.5,86.04,167.3,7,11,12.0,84.67,167.1,6,10,11.0,84.58,165.5,9,12,13.0,83.74,170.4,10,16,17.5,86.27,161.2,4,4,4.0,81.56,171.5,7,8,10.0,86.81,169.7,10,15,15.0,85.89,89.46,2,2,2.0,81.71,3,3,3.0,164.1,11,17,17.5,82.96,172.5,5,5,5.5,87.52,178.9,4,6,6.5,91.23,11619.0,34,38,38.0,Japan
KAZ,78.0,56,112,112.0,39.39,84.1,89,114,114.0,42.47,75.7,88,110,110.5,38.26,80.7,96,112,112.0,40.78,79.8,91,112,112.0,40.33,82.6,91,112,112.0,41.74,78.5,94,112,112.0,39.65,82.5,89,112,112.0,41.73,79.9,95,112,112.0,40.38,79.2,94,112,112.0,40.0,44.12,76,80,80.0,45.45,68,71,71.0,82.5,94,113,113.0,41.68,76.4,98,111,111.0,38.62,66.9,88,110,110.0,33.81,4340.0,122,126,126.0,Kazakhstan
KEN,66.0,65,128,128.5,33.33,76.0,103,128,128.5,38.38,56.1,109,132,132.5,28.33,66.6,115,132,132.0,33.63,66.0,110,132,132.5,33.32,69.3,109,132,132.0,35.02,64.6,113,132,132.0,32.6,68.8,108,132,132.0,34.77,63.9,116,134,134.0,32.24,65.4,113,132,132.0,33.01,7.99,142,148,148.0,18.16,131,135,135.0,71.2,112,132,132.0,35.96,58.1,122,135,135.0,29.32,45.1,114,137,137.5,22.73,4868.0,110,114,114.0,Kenya
KGZ,61.0,69,139,139.0,30.81,72.1,111,137,137.0,36.41,55.3,110,134,134.0,27.93,66.1,118,135,135.0,33.38,65.3,112,135,135.0,32.97,68.0,113,136,136.0,34.35,64.4,114,133,133.5,32.52,67.7,112,136,136.0,34.19,65.2,113,131,131.0,32.93,64.8,115,134,134.5,32.72,14.3,123,127,127.0,16.99,140,144,144.0,69.2,116,136,136.0,34.95,59.9,119,132,132.0,30.24,48.3,109,131,131.0,24.36,3703.0,137,141,141.0,Kyrgyzstan
KHM,50.0,79,162,163.0,25.25,64.5,131,161,161.0,32.58,45.2,131,158,158.0,22.81,59.3,133,153,153.0,29.93,58.8,128,153,153.0,29.68,61.3,127,154,154.0,30.95,57.8,130,152,152.0,29.15,60.6,128,158,158.0,30.62,57.9,130,150,150.0,29.21,58.1,133,153,153.0,29.31,11.45,131,136,136.0,18.23,129,133,133.0,61.9,135,157,157.5,31.25,54.5,132,148,148.0,27.49,46.5,112,135,135.0,23.42,2497.0,176,181,181.0,Cambodia
KIR,112.0,39,84,84.5,56.57,122.9,60,82,82.0,62.07,114.9,67,87,87.0,57.9,125.8,68,84,84.0,63.39,125.8,65,84,84.0,63.38,124.1,66,83,83.5,62.53,130.3,65,83,83.0,65.7,117.9,64,85,85.0,59.37,129.4,67,84,84.0,65.22,129.4,67,83,83.0,65.21,26.63,106,110,110.0,21.74,118,122,122.0,124.4,65,82,82.0,62.75,128.4,72,85,85.0,64.62,132.8,68,88,88.0,66.76,8367.0,74,78,78.0,Kiribati
KNA,136.0,20,54,54.5,68.69,142.2,35,53,53.0,71.82,140.6,37,56,56.0,70.99,146.2,39,55,55.0,73.82,146.0,38,55,55.0,73.69,144.6,39,55,55.0,73.01,149.8,39,55,55.0,75.71,139.9,36,55,55.0,70.48,149.6,40,55,55.0,75.63,149.0,40,55,55.0,75.31,39.1,90,94,94.0,33.78,90,93,93.0,144.3,39,55,55.0,72.87,149.2,45,57,57.0,75.29,152.9,44,62,62.0,77.05,10356.0,49,53,53.0,Saint Kitts and Nevis
KOR,163.0,2,2,2.5,82.32,161.4,4,4,6.0,81.52,171.2,2,2,2.0,86.66,168.1,3,3,3.5,85.09,167.9,3,3,3.5,85.0,166.4,3,3,3.0,84.2,171.0,5,5,6.5,86.62,162.3,3,3,3.0,82.09,172.1,4,4,4.0,87.16,170.3,4,4,4.0,86.25,94.61,1,1,1.0,84.33,1,1,1.0,164.9,4,4,4.0,83.37,173.3,3,3,3.0,87.96,179.5,1,1,1.0,91.68,11628.0,33,37,37.0,South Korea
KWT,96.0,46,96,96.0,48.48,99.8,74,97,97.0,50.4,90.8,75,96,96.0,45.89,94.3,82,98,98.0,47.66,93.5,78,98,98.0,47.25,96.8,78,97,97.0,48.91,91.7,81,99,99.0,46.35,96.9,74,96,96.0,48.95,92.8,81,98,98.0,46.92,92.3,83,99,99.0,46.64,41.25,83,87,87.0,47.86,57,60,60.0,97.1,81,98,98.0,49.06,88.3,85,98,98.0,44.64,76.4,77,98,98.0,38.61,5958.0,95,99,99.0,Kuwait
LAO,45.0,84,176,177.0,22.73,60.2,141,172,172.0,30.4,41.3,138,167,167.0,20.84,55.8,142,165,165.5,28.16,55.4,136,165,165.5,27.96,57.8,137,166,166.0,29.18,53.8,142,165,165.0,27.13,58.1,135,166,166.0,29.34,53.9,140,163,163.0,27.19,54.3,141,165,165.0,27.39,14.82,121,125,125.0,20.11,124,128,128.0,58.0,145,169,169.5,29.28,51.6,138,157,157.0,26.02,44.4,116,140,140.0,22.35,2340.0,178,183,183.0,Laos
LBN,43.0,85,179,179.0,21.72,56.4,148,179,179.0,28.48,37.5,147,178,178.0,18.94,50.5,154,180,180.0,25.5,50.0,149,180,180.0,25.24,52.2,150,180,180.0,26.37,49.3,156,179,179.5,24.89,51.6,149,180,180.0,26.04,49.2,153,177,177.5,24.85,49.6,154,180,180.0,25.05,5.61,166,173,173.0,9.49,179,186,186.5,53.4,153,179,179.0,26.97,45.1,157,178,178.5,22.77,36.1,142,173,173.0,18.2,2558.0,174,179,179.0,Lebanon
LBR,47.0,82,170,171.0,23.74,60.6,140,171,171.0,30.61,38.9,145,175,175.5,19.62,52.6,149,175,175.0,26.52,52.3,144,175,175.0,26.37,55.2,144,173,173.0,27.85,50.3,152,175,175.0,25.36,55.9,140,171,171.0,28.2,49.4,152,176,176.0,24.89,51.1,149,175,175.0,25.76,5.76,162,169,169.0,16.0,150,154,154.0,56.5,147,172,172.0,28.51,45.6,155,176,176.0,22.97,35.0,147,178,178.0,17.6,3142.0,153,158,158.0,Liberia
LBY,40.0,88,185,185.0,20.2,53.8,153,186,186.0,27.17,33.9,154,185,185.0,17.12,47.4,159,185,185.5,23.93,46.9,154,185,185.5,23.68,49.4,155,185,185.5,24.94,46.2,160,184,184.5,23.32,49.0,154,185,185.0,24.77,45.3,161,187,187.0,22.87,46.3,159,185,185.5,23.37,3.62,182,190,190.0,7.96,181,189,189.0,50.6,160,186,186.0,25.55,41.5,163,186,186.0,20.95,31.9,155,187,187.0,16.08,2316.0,179,184,184.0,Libya
LCA,125.0,30,69,69.0,63.13,133.4,49,67,67.5,67.37,128.9,50,69,69.0,65.03,136.9,53,69,69.0,69.06,136.9,52,69,69.0,69.04,135.4,53,69,69.0,68.33,140.7,51,68,68.0,70.98,130.5,49,69,69.0,65.78,140.1,54,69,69.0,70.73,139.9,53,68,68.0,70.58,33.9,101,105,105.0,28.62,104,108,108.0,135.3,52,69,69.0,68.29,139.8,56,69,69.0,70.45,144.4,55,73,73.0,72.65,9434.0,60,64,64.0,Saint Lucia
LIE,156.0,9,36,37.0,78.79,156.8,21,39,39.0,79.19,164.4,18,36,36.0,83.03,163.9,22,38,38.0,82.78,163.6,23,38,38.0,82.65,162.1,24,38,38.0,81.78,167.5,22,38,38.0,84.7,156.9,21,38,38.0,79.11,168.2,23,37,37.5,85.05,166.6,24,38,38.0,84.2,83.14,23,26,26.0,62.87,29,32,32.0,160.5,24,38,38.0,81.06,169.7,22,34,34.0,85.68,178.0,11,20,21.5,89.77,11756.0,30,34,34.0,Liechtenstein
LKA,39.0,89,186,187.0,19.7,54.6,151,183,183.5,27.58,32.1,155,186,186.0,16.22,47.3,160,187,187.0,23.9,46.7,155,187,187.0,23.59,49.4,155,185,185.5,24.97,46.2,160,184,184.5,23.34,48.0,158,189,189.0,24.25,45.8,159,185,185.0,23.14,46.6,158,184,184.0,23.54,3.16,183,191,191.0,6.64,185,193,193.0,50.9,158,184,184.0,25.71,40.9,164,187,187.0,20.66,31.6,156,188,188.0,15.95,2786.0,165,170,170.0,Sri Lanka
LSO,70.0,61,121,121.5,35.35,78.9,98,123,123.0,39.85,62.4,101,124,124.0,31.49,71.1,109,126,126.0,35.88,70.6,104,126,126.0,35.62,73.4,103,126,126.0,37.06,70.1,106,124,124.5,35.37,71.9,102,126,126.0,36.28,69.5,108,126,126.0,35.05,70.4,107,126,126.0,35.53,11.83,129,133,133.5,17.91,134,138,138.0,75.0,104,123,123.0,37.86,63.7,114,127,127.0,32.12,51.4,105,127,127.0,25.87,4773.0,114,118,118.0,Lesotho
LTU,157.0,8,34,34.5,79.29,158.8,17,34,34.5,80.2,164.6,17,34,34.5,83.23,164.8,19,34,34.0,83.33,164.5,20,34,34.0,83.19,163.1,21,34,34.0,82.42,168.6,17,33,33.0,85.31,157.7,18,34,34.5,79.69,169.0,19,33,33.0,85.49,167.6,20,33,33.0,84.79,63.6,45,49,49.0,46.21,64,67,67.0,161.9,20,34,34.0,81.82,169.6,23,35,35.0,85.84,176.2,19,36,36.0,89.27,12065.0,25,29,29.0,Lithuania
LUX,160.0,5,6,12.0,80.81,161.4,4,4,6.0,81.52,167.9,5,6,6.5,84.92,167.6,4,5,5.0,84.77,167.3,4,5,5.5,84.67,166.0,5,5,5.0,83.87,171.1,4,4,4.0,86.59,161.0,5,5,6.0,81.38,171.8,5,5,5.0,86.93,170.2,5,5,5.0,86.13,84.2,5,5,5.0,64.61,5,5,5.0,164.7,5,5,5.0,83.24,172.5,5,5,5.5,87.36,179.1,2,2,3.0,90.87,12353.0,7,8,8.0,Luxembourg
LVA,158.0,7,28,30.5,79.8,159.8,14,29,30.0,80.71,165.9,14,28,28.5,83.9,166.0,14,28,28.0,83.95,165.8,14,27,27.5,83.84,164.3,17,29,29.5,83.06,169.6,13,27,27.5,85.83,159.2,15,29,29.5,80.42,170.2,15,28,28.0,86.12,168.7,16,27,27.5,85.37,83.29,19,20,20.5,63.35,22,25,25.0,163.1,16,28,28.5,82.43,171.1,18,29,29.0,86.62,178.0,11,20,21.5,90.25,12035.0,27,31,31.0,Latvia
MAC,129.0,26,62,62.0,65.15,134.3,47,65,65.0,67.83,137.5,41,60,60.0,69.51,141.7,46,62,62.0,71.63,141.6,45,62,62.0,71.56,139.6,46,62,62.0,70.55,145.3,45,62,62.0,73.5,135.0,43,62,62.0,68.11,146.1,46,61,61.0,73.96,144.4,47,62,62.0,73.04,64.24,43,46,46.5,49.78,51,54,54.0,138.1,47,63,63.0,69.78,148.4,47,59,59.0,75.06,158.4,36,54,54.0,80.14,8735.0,69,73,73.0,Macao
MAR,71.0,60,118,119.0,35.86,81.0,93,118,118.0,40.91,62.5,100,123,123.0,31.58,72.6,106,122,122.5,36.68,71.8,102,123,123.5,36.28,75.6,98,119,119.5,38.21,70.1,106,124,124.5,35.41,75.5,95,118,118.0,38.16,69.7,107,125,125.0,35.21,70.8,105,124,124.0,35.77,15.41,119,123,123.0,23.13,114,118,118.0,76.8,101,120,120.0,38.8,64.6,111,124,124.0,32.65,51.7,104,126,126.0,26.11,4322.0,124,128,128.0,Morocco
MCO,153.0,11,41,42.0,77.27,154.2,25,43,43.0,77.88,161.9,23,41,41.0,81.77,161.7,25,41,41.0,81.67,161.4,26,41,41.0,81.54,160.1,27,41,41.0,80.76,164.5,26,42,42.0,83.24,155.8,24,41,41.0,78.51,165.6,26,41,41.0,83.76,164.0,28,42,42.0,82.9,83.27,20,22,22.5,63.21,28,31,31.0,158.1,27,41,41.5,79.85,167.7,28,40,40.0,84.68,176.3,18,34,34.5,88.93,10808.0,44,48,48.0,Monaco
MDA,109.0,42,90,90.5,55.05,116.8,67,89,89.0,58.99,114.1,68,88,88.5,57.63,121.7,74,90,90.0,61.47,121.5,70,90,90.0,61.37,120.1,71,89,89.5,60.64,124.8,72,90,90.0,63.08,115.9,68,89,89.5,58.51,125.4,73,90,90.0,63.36,124.1,74,90,90.0,62.71,30.19,103,107,107.0,24.68,109,113,113.0,119.4,72,89,89.0,60.31,125.4,77,90,90.0,63.33,129.4,71,91,91.5,65.28,8174.0,80,84,84.0,Moldova
MDG,57.0,72,145,145.0,28.79,69.0,120,147,147.0,34.85,49.7,120,144,144.5,25.06,61.6,127,145,145.0,31.06,61.2,120,144,144.5,30.86,64.2,119,143,143.5,32.39,59.6,124,145,145.0,30.03,64.0,119,144,144.5,32.32,59.2,126,145,145.0,29.82,60.3,125,145,145.0,30.39,6.81,147,153,153.0,15.4,154,158,158.0,65.3,125,146,146.0,32.95,54.6,131,145,146.0,27.5,42.9,122,146,146.0,21.57,3478.0,140,144,144.0,Madagascar
MDV,86.0,49,99,100.0,43.43,94.1,77,100,100.0,47.53,80.6,82,104,104.0,40.71,88.0,87,103,103.0,44.45,87.2,82,102,102.5,44.04,90.1,84,103,103.5,45.51,86.4,83,101,101.0,43.67,89.1,82,104,104.5,44.94,86.9,86,103,103.0,43.92,86.8,85,101,102.0,43.86,48.78,65,69,69.0,60.46,35,38,38.0,91.1,84,101,101.5,46.02,81.7,92,105,105.0,41.26,70.3,86,108,108.0,35.47,5473.0,102,106,106.0,Maldives
MEX,136.0,20,54,54.5,68.69,141.2,38,56,56.0,71.31,142.7,36,55,55.0,72.14,147.2,38,54,54.0,74.41,147.0,37,54,54.0,74.31,145.3,38,54,54.0,73.47,150.9,38,54,54.0,76.21,140.3,35,54,54.0,70.99,151.6,39,54,54.0,76.63,150.1,39,54,54.0,75.85,39.03,91,95,95.0,33.84,88,91,91.0,144.4,38,54,54.0,72.97,151.9,42,54,54.0,76.84,157.6,37,55,55.0,79.76,10160.0,51,55,55.0,Mexico
MHL,110.0,41,87,88.0,55.56,120.1,64,86,86.0,60.66,114.1,68,88,88.5,57.51,123.8,71,87,87.0,62.4,124.0,68,87,87.0,62.5,122.0,69,87,87.0,61.46,127.6,69,87,87.0,64.37,117.3,66,87,87.0,59.05,127.2,70,87,87.0,64.15,126.8,71,87,87.0,63.94,44.22,75,79,79.0,28.96,103,107,107.0,122.0,70,87,87.0,61.55,127.3,75,88,88.0,64.08,133.4,67,86,86.5,67.06,8240.0,77,81,81.0,Marshall Islands
MKD,117.0,34,74,75.0,59.09,124.7,58,78,79.0,62.98,123.6,56,75,75.0,62.44,130.7,61,77,77.0,66.02,130.6,59,76,76.0,65.97,128.9,61,78,78.0,65.09,134.1,60,77,77.0,67.77,124.3,56,77,77.0,62.76,134.6,61,77,77.0,68.01,133.5,62,77,77.0,67.45,52.95,62,66,66.0,45.05,70,73,73.0,127.8,61,78,78.0,64.55,135.8,63,76,76.0,68.59,142.8,58,77,77.0,72.06,8396.0,73,77,77.0,North Macedonia
MLI,50.0,79,162,163.0,25.25,63.8,132,162,162.0,32.22,41.6,137,166,166.0,20.97,55.8,142,165,165.5,28.13,55.4,136,165,165.5,27.94,58.4,136,165,165.0,29.45,53.4,143,166,166.0,26.91,58.9,133,163,163.5,29.75,52.6,143,166,166.0,26.49,54.1,142,166,166.0,27.26,6.06,158,165,165.0,16.3,142,146,146.0,59.7,140,163,163.5,30.12,48.4,148,167,167.0,24.37,36.8,141,171,171.5,18.51,3534.0,139,143,143.0,Mali
MLT,159.0,6,19,23.0,80.3,161.0,8,14,15.5,81.31,166.6,12,26,26.0,84.23,167.0,9,16,17.0,84.43,166.7,10,18,18.0,84.29,165.5,9,12,13.0,83.62,170.3,11,20,22.0,86.19,160.6,8,14,15.0,81.06,170.9,12,22,23.5,86.47,169.5,12,18,19.5,85.77,83.4,17,18,18.0,63.99,16,19,19.0,164.2,10,15,15.5,82.97,171.8,12,21,21.5,86.93,178.5,6,11,11.0,90.39,12372.0,3,3,3.0,Malta
MMR,41.0,87,181,182.5,20.71,55.8,149,180,180.5,28.18,36.7,149,180,180.0,18.52,50.9,153,179,179.0,25.69,50.5,148,179,179.0,25.48,52.7,149,179,179.0,26.62,49.3,156,179,179.5,24.85,52.6,148,179,179.0,26.58,49.2,153,177,177.5,24.81,49.7,153,179,179.0,25.06,9.06,136,141,141.5,14.05,163,168,168.5,53.3,154,180,180.0,26.91,46.6,154,173,174.0,23.5,40.0,130,157,157.0,20.14,1949.0,187,192,192.0,Myanmar
MNE,117.0,34,74,75.0,59.09,125.4,54,74,74.0,63.33,124.5,54,73,73.0,62.9,131.9,57,73,73.0,66.64,131.7,56,73,73.0,66.53,130.1,57,73,73.0,65.71,134.9,58,75,75.0,68.21,126.0,53,73,73.0,63.59,135.9,58,73,73.5,68.69,134.3,60,75,75.0,67.88,57.79,56,60,60.0,47.22,59,62,62.0,128.8,57,74,74.0,65.06,137.3,61,74,74.0,69.37,144.6,54,72,72.0,73.0,8339.0,75,79,79.0,Montenegro
MNG,64.0,67,132,133.0,32.32,75.7,105,131,131.0,38.23,61.6,102,125,125.0,31.12,72.6,106,122,122.5,36.67,72.0,101,122,122.0,36.38,74.4,101,123,123.5,37.56,70.4,105,123,123.0,35.57,74.7,97,121,121.0,37.75,71.5,104,121,121.5,36.11,71.2,104,123,123.0,35.97,41.11,84,88,88.0,42.9,74,77,77.0,74.2,107,126,126.5,37.48,69.4,105,118,118.0,35.05,62.9,93,115,115.0,31.74,3404.0,146,151,151.0,Mongolia
MOZ,56.0,73,146,147.5,28.28,68.2,122,149,149.5,34.44,47.8,123,149,149.0,24.11,60.1,132,151,151.5,30.31,59.5,127,152,152.0,30.01,62.5,124,150,150.5,31.55,58.6,128,150,150.0,29.53,61.6,125,153,154.0,31.11,58.0,129,149,149.0,29.22,59.1,130,150,150.0,29.79,8.15,138,144,144.0,17.66,137,141,141.0,64.1,129,150,150.0,32.35,52.6,134,150,150.5,26.5,40.9,128,155,155.0,20.57,3614.0,138,142,142.0,Mozambique
MRT,52.0,77,159,159.5,26.26,65.1,130,160,160.0,32.88,44.4,133,160,161.0,22.39,57.4,137,158,158.5,28.95,57.0,132,158,158.5,28.76,59.8,131,159,159.5,30.16,55.3,136,159,159.0,27.88,60.3,130,160,160.0,30.46,54.6,138,160,160.5,27.51,55.9,137,158,159.0,28.18,6.09,156,163,163.0,13.93,164,170,170.5,61.2,137,160,160.0,30.89,50.4,142,161,161.0,25.39,39.6,132,159,159.5,19.92,3095.0,156,161,161.0,Mauritania
MUS,127.0,28,65,66.0,64.14,133.4,49,67,67.5,67.37,131.4,48,67,67.0,66.38,137.2,52,68,68.0,69.31,137.2,51,68,68.0,69.31,136.0,52,68,68.0,68.7,140.5,52,69,69.0,71.02,131.1,48,68,68.0,66.16,140.4,53,68,68.0,70.96,139.8,54,69,69.0,70.65,58.92,54,58,58.0,49.53,52,55,55.0,135.4,51,68,68.0,68.4,140.5,55,68,68.0,70.97,145.3,52,70,70.0,73.34,9556.0,58,62,62.0,Mauritius
MWI,67.0,64,125,126.0,33.84,77.6,100,125,125.0,39.19,58.8,105,128,128.0,29.66,69.3,111,128,128.0,34.95,68.6,106,128,128.0,34.6,71.7,105,128,128.0,36.18,68.1,109,128,128.0,34.34,70.0,106,130,130.0,35.33,67.6,110,128,128.0,34.06,68.5,109,128,128.0,34.54,6.98,145,151,151.0,15.49,153,157,157.0,73.4,108,128,128.0,37.04,61.2,117,130,130.0,30.83,47.5,110,132,132.5,23.89,4756.0,116,120,120.0,Malawi
MYS,160.0,5,6,12.0,80.81,161.3,5,9,9.0,81.46,165.0,16,33,33.0,83.46,165.7,17,32,32.0,83.81,165.4,18,32,32.0,83.66,164.8,14,26,26.0,83.36,168.0,18,34,34.0,84.96,160.8,7,10,11.5,81.34,168.7,20,34,34.0,85.32,167.5,21,34,34.0,84.7,67.26,41,44,44.0,62.0,32,35,35.0,163.7,14,26,26.0,82.74,168.8,25,37,37.0,85.5,172.3,27,44,44.5,87.46,11221.0,39,43,43.0,Malaysia
NAM,69.0,62,123,123.0,34.85,79.4,96,121,121.0,40.1,61.2,103,126,126.0,30.9,71.7,108,125,125.0,36.2,71.1,103,125,125.0,35.9,74.4,101,123,123.5,37.56,69.9,107,126,126.0,35.3,73.3,101,125,125.0,37.02,69.9,106,124,124.0,35.28,70.6,106,125,125.0,35.65,13.56,126,130,130.0,20.34,122,126,126.0,75.6,103,122,122.0,38.18,64.4,112,125,125.0,32.5,51.9,103,125,125.0,26.16,4768.0,115,119,119.0,Namibia
NER,53.0,76,156,157.0,26.77,65.4,129,159,159.0,33.03,44.5,132,159,159.0,22.43,56.9,140,163,163.0,28.69,56.6,134,161,162.0,28.54,59.5,133,162,162.0,30.01,54.5,140,163,163.0,27.46,60.5,129,159,159.0,30.55,53.4,142,165,165.0,26.89,55.2,140,163,163.5,27.82,6.31,155,162,162.0,16.16,147,151,151.0,61.0,138,161,161.0,30.78,49.4,145,164,164.0,24.87,38.2,137,166,166.0,19.21,3430.0,143,148,148.0,Niger
NGA,41.0,87,181,182.5,20.71,55.4,150,182,182.0,27.98,31.7,157,188,188.0,16.01,46.4,161,188,188.5,23.43,46.1,156,188,188.0,23.28,48.6,157,188,188.0,24.56,44.9,163,188,188.5,22.65,48.7,156,187,187.0,24.63,43.3,163,189,189.0,21.84,45.3,161,188,188.5,22.86,1.99,188,196,196.0,6.87,184,192,192.0,50.7,159,185,185.0,25.6,38.7,166,189,190.0,19.53,27.7,161,193,193.0,13.96,3354.0,148,153,153.0,Nigeria
NIC,110.0,41,87,88.0,55.56,120.2,63,85,85.0,60.71,116.6,63,83,83.0,58.83,126.1,67,83,83.0,63.62,126.1,64,83,83.0,63.62,124.1,66,83,83.5,62.62,129.7,66,84,84.0,65.39,119.5,63,84,84.0,60.35,130.3,66,83,83.0,65.72,128.9,68,84,84.0,65.0,36.15,98,102,102.0,27.97,105,109,109.0,123.2,68,85,85.0,62.19,131.4,68,81,81.0,66.22,139.5,61,80,80.0,70.2,7656.0,84,88,88.0,Nicaragua
NLD,160.0,5,6,12.0,80.81,161.4,4,4,6.0,81.52,167.8,6,8,12.0,84.93,167.4,6,8,9.0,84.73,167.2,5,7,8.0,84.64,165.7,8,8,9.5,83.81,171.0,5,5,6.5,86.59,160.9,6,8,8.5,81.37,171.5,7,8,10.0,86.85,170.0,7,8,9.0,86.08,83.5,16,17,17.0,64.4,13,16,16.0,164.6,6,6,7.0,83.22,172.2,8,9,10.5,87.36,178.1,10,19,19.0,90.82,12278.0,10,11,12.0,Netherlands
NOR,160.0,5,6,12.0,80.81,160.8,9,18,18.5,81.21,167.8,6,8,12.0,84.91,167.0,9,16,17.0,84.5,166.8,9,16,16.5,84.42,165.4,10,15,16.5,83.62,170.4,10,16,17.5,86.29,160.5,9,17,18.0,81.15,171.1,10,16,16.5,86.63,169.6,11,16,16.5,85.86,83.97,12,13,13.0,64.55,8,8,9.0,164.1,11,17,17.5,82.95,172.0,10,14,15.5,87.21,178.3,8,15,16.0,90.75,12110.0,22,26,26.0,Norway
NPL,36.0,91,190,190.5,18.18,53.4,154,187,187.0,26.97,30.7,158,189,189.5,15.5,47.6,158,184,184.0,24.03,47.1,153,184,184.0,23.78,49.7,154,184,184.0,25.11,45.8,162,187,187.0,23.12,49.5,153,184,184.0,25.0,45.5,160,186,186.0,22.96,46.3,159,185,185.5,23.37,14.01,125,129,129.0,31.45,97,100,100.5,50.5,161,187,187.0,25.5,42.2,162,184,184.5,21.3,33.6,152,183,183.5,16.93,2098.0,183,188,188.0,Nepal
NRU,73.0,58,115,115.0,36.87,83.5,90,115,115.0,42.17,66.5,94,117,117.0,33.55,76.5,100,116,116.0,38.6,75.8,95,116,116.0,38.24,78.3,95,116,116.0,39.49,76.2,97,115,115.0,38.51,75.9,94,117,117.0,38.2,75.8,99,116,116.0,38.28,76.3,98,116,116.0,38.54,14.23,124,128,128.0,16.25,144,148,148.0,80.0,96,115,115.0,40.38,69.9,104,117,117.0,35.23,59.0,96,118,118.0,29.69,4799.0,113,117,117.0,Nauru
NZL,158.0,7,28,30.5,79.8,159.0,16,33,33.0,80.3,166.1,13,27,27.0,84.01,165.9,15,29,29.5,83.91,165.7,15,29,29.0,83.81,164.0,19,32,32.0,82.91,169.4,15,30,30.5,85.73,159.3,14,28,28.0,80.5,170.0,16,29,29.5,86.04,168.5,18,30,30.5,85.26,83.23,21,24,24.0,63.31,23,26,26.0,162.6,19,32,32.5,82.18,171.4,15,26,26.0,86.81,178.9,4,6,6.5,90.79,11714.0,32,36,36.0,New Zealand
OMN,82.0,52,105,105.5,41.41,88.4,84,109,109.0,44.65,79.8,83,105,105.0,40.33,85.3,92,108,108.0,43.11,84.4,87,108,108.0,42.66,87.7,87,107,107.5,44.31,82.6,90,108,108.0,41.75,87.7,83,106,106.0,44.33,84.0,91,108,108.0,42.46,83.3,90,108,108.0,42.09,44.63,74,78,78.0,48.47,56,59,59.0,87.0,90,108,108.0,43.96,81.4,93,106,106.0,41.16,72.8,83,104,104.5,36.81,5263.0,104,108,108.0,Oman
PAK,29.0,95,196,196.5,14.65,46.2,163,196,196.0,23.33,23.0,165,197,197.0,11.61,39.7,169,197,197.0,20.04,39.3,165,197,197.0,19.84,41.4,166,197,197.0,20.91,39.0,170,196,196.0,19.67,40.3,164,197,197.0,20.38,38.2,171,197,197.0,19.27,39.2,168,196,196.0,19.77,1.05,189,197,197.0,3.36,189,197,197.0,42.8,170,196,196.0,21.61,34.1,171,197,197.0,17.2,25.7,164,196,196.0,12.95,2068.0,184,189,189.0,Pakistan
PAN,126.0,29,68,68.0,63.64,133.2,50,69,69.0,67.27,134.7,46,65,65.0,68.07,140.8,49,65,65.0,71.15,140.8,47,64,64.0,71.15,138.7,49,65,65.0,70.09,144.0,48,65,65.0,72.78,134.9,44,63,63.0,68.15,144.9,50,65,65.0,73.25,143.3,50,65,65.0,72.43,45.58,70,74,74.0,36.16,84,87,87.0,137.2,50,67,67.0,69.32,146.9,50,63,63.0,74.26,155.0,41,59,59.0,78.33,9242.0,64,68,68.0,Panama
PER,133.0,23,59,59.0,67.17,138.1,41,59,59.0,69.75,140.3,38,57,57.0,70.91,144.6,41,57,57.0,73.08,144.5,41,58,58.0,73.03,142.6,42,58,58.0,72.07,148.3,41,57,57.5,74.95,137.9,40,59,59.0,69.72,149.2,41,56,56.0,75.41,147.5,42,57,57.0,74.55,63.58,46,50,50.0,53.1,44,47,47.0,141.5,42,58,58.0,71.49,149.9,44,56,56.0,75.8,156.2,40,58,58.0,78.98,9267.0,62,66,66.0,Peru
PHL,62.0,68,135,136.5,31.31,74.2,109,135,135.0,37.47,57.1,107,130,130.0,28.85,68.9,112,129,129.0,34.81,68.4,107,129,129.0,34.56,70.7,107,130,130.0,35.73,67.7,110,129,129.0,34.18,69.9,107,131,131.0,35.34,67.5,111,129,129.0,34.09,68.0,110,129,129.0,34.34,13.51,127,131,131.0,20.09,125,129,129.0,71.5,110,130,130.0,36.12,63.9,113,126,126.0,32.29,55.3,101,123,123.0,27.92,3340.0,149,154,154.0,Philippines
PLW,105.0,44,93,93.5,53.03,116.6,68,90,90.0,58.89,109.4,70,91,91.0,55.21,120.5,75,91,91.0,60.81,120.6,71,91,91.0,60.85,118.5,72,91,91.0,59.79,124.2,73,91,91.0,62.75,114.0,69,91,91.0,57.41,123.8,74,91,91.0,62.55,123.3,75,91,91.0,62.28,47.03,67,71,71.0,29.6,102,106,106.0,118.5,74,91,91.0,59.83,124.4,78,91,91.0,62.73,131.7,70,90,90.0,66.3,7552.0,86,90,90.0,Palau
PNG,72.0,59,116,116.5,36.36,81.6,91,116,116.0,41.21,65.0,96,119,119.0,32.78,74.1,102,118,118.0,37.37,73.3,97,118,118.0,36.98,76.4,97,118,118.0,38.53,73.4,100,118,118.0,37.01,74.0,99,123,123.0,37.37,73.0,101,118,118.0,36.78,73.7,100,118,118.0,37.16,14.94,120,124,124.0,20.32,123,127,127.0,77.9,99,118,118.0,39.32,67.1,109,122,122.0,33.8,55.7,100,122,122.0,28.02,4680.0,117,121,121.0,Papua New Guinea
POL,159.0,6,19,23.0,80.3,160.6,10,20,20.5,81.11,166.9,10,22,22.0,84.46,166.7,11,24,24.5,84.36,166.5,12,21,23.0,84.26,165.0,12,21,22.5,83.49,170.3,11,20,22.0,86.2,160.0,11,23,24.0,80.93,170.9,12,22,23.5,86.52,169.4,13,22,23.0,85.75,83.27,20,22,22.5,64.17,14,17,17.0,163.8,13,20,22.5,82.81,171.6,13,23,23.5,87.04,177.8,13,26,27.0,90.61,12074.0,24,28,28.0,Poland
PRK,37.0,90,189,189.0,18.69,51.1,158,191,191.0,25.81,30.7,158,189,189.5,15.47,44.4,163,191,191.0,22.37,43.9,159,191,191.0,22.12,46.4,160,191,191.0,23.38,42.7,165,191,191.0,21.5,46.5,159,190,190.5,23.47,42.5,165,191,191.0,21.39,43.1,163,191,191.0,21.71,4.19,179,187,187.0,11.13,176,183,183.0,47.7,165,191,191.0,24.06,38.3,167,192,192.0,19.27,28.7,159,191,191.0,14.43,2010.0,186,191,191.0,North Korea
PRT,159.0,6,19,23.0,80.3,160.8,9,18,18.5,81.21,166.7,11,23,24.0,84.33,166.8,10,19,21.0,84.38,166.6,11,19,19.5,84.28,165.0,12,21,22.5,83.46,170.4,10,16,17.5,86.24,160.1,10,20,21.0,80.92,171.0,11,18,19.5,86.55,169.5,12,18,19.5,85.78,83.1,24,27,27.0,63.25,26,29,29.0,163.9,12,19,19.0,82.85,171.6,13,23,23.5,86.95,178.0,11,20,21.5,90.45,12184.0,15,18,18.0,Portugal
PRY,127.0,28,65,66.0,64.14,133.8,48,66,66.0,67.58,135.6,44,63,63.0,68.49,141.2,47,63,63.0,71.32,141.2,46,63,63.0,71.32,138.9,48,64,64.0,70.15,144.8,46,63,63.0,73.14,134.4,45,64,64.0,67.9,145.8,48,63,63.0,73.64,144.2,48,63,63.0,72.83,43.52,78,82,82.0,32.31,94,97,97.0,137.6,49,66,66.0,69.5,147.5,48,60,60.5,74.48,156.7,39,57,57.0,79.04,9249.0,63,67,67.0,Paraguay
PSE,35.0,92,192,192.0,17.68,49.4,159,192,192.0,24.95,30.0,160,192,192.0,15.14,43.8,164,192,192.0,22.1,43.4,160,192,192.0,21.9,45.5,161,192,192.0,22.96,42.2,166,192,192.0,21.3,45.9,160,192,192.0,23.15,41.9,166,192,192.0,21.14,42.4,164,192,192.0,21.4,6.07,157,164,164.0,11.19,175,182,182.0,46.5,166,192,192.0,23.48,38.7,166,189,190.0,19.51,30.3,157,189,189.0,15.25,1898.0,189,194,194.0,Palestine
QAT,105.0,44,93,93.5,53.03,108.4,72,95,95.0,54.75,103.5,74,95,95.0,52.32,105.8,79,95,95.0,53.48,104.9,75,95,95.0,53.03,107.8,76,95,95.0,54.48,103.1,78,96,96.0,52.12,108.6,73,95,95.0,54.87,104.7,78,95,95.0,52.95,103.7,79,95,95.0,52.4,68.35,40,43,43.0,60.38,37,40,40.0,107.2,78,95,95.0,54.17,102.1,83,96,96.0,51.64,93.7,74,95,95.0,47.4,7141.0,91,95,95.0,Qatar
ROU,158.0,7,28,30.5,79.8,159.9,13,28,28.0,80.76,165.6,15,30,31.0,83.74,165.9,15,29,29.5,83.89,165.6,16,30,30.0,83.74,164.3,17,29,29.5,83.06,169.5,14,29,29.0,85.72,159.0,16,31,31.5,80.39,170.0,16,29,29.5,85.98,168.6,17,29,29.0,85.25,69.09,38,41,41.0,60.21,39,42,42.0,163.0,17,30,30.0,82.37,170.6,19,30,30.5,86.35,176.7,17,33,33.0,89.54,12221.0,12,15,15.0,Romania
RUS,114.0,37,79,80.5,57.58,116.0,69,91,91.0,58.59,109.0,71,92,92.0,55.1,110.2,77,93,93.0,55.71,109.1,73,93,93.0,55.15,112.3,74,93,93.0,56.78,108.8,75,93,93.0,54.95,111.0,71,93,93.0,56.19,109.8,76,93,93.0,55.51,109.0,77,93,93.0,55.06,45.4,71,75,75.0,51.41,48,51,51.0,113.3,76,93,93.0,57.25,103.1,82,95,95.0,52.16,87.5,76,97,97.0,44.29,7340.0,90,94,94.0,Russia
RWA,62.0,68,135,136.5,31.31,71.0,113,139,139.0,35.86,50.9,118,142,142.0,25.67,61.0,129,147,147.0,30.77,60.7,121,146,146.0,30.61,63.6,120,145,145.5,32.11,58.7,127,149,149.0,29.59,64.6,117,142,142.0,32.6,57.4,132,152,152.0,28.94,59.2,129,149,149.0,29.85,7.93,143,149,149.0,20.01,126,130,130.0,65.8,123,143,143.0,33.21,52.4,135,152,152.0,26.4,39.5,133,161,161.5,19.87,3800.0,133,137,137.0,Rwanda
SAU,86.0,49,99,100.0,43.43,92.8,79,102,102.0,46.87,82.5,80,101,101.5,41.72,88.8,85,101,101.0,44.91,88.0,81,101,101.0,44.5,91.2,82,101,101.0,46.12,86.3,84,102,102.0,43.62,91.1,78,100,100.0,46.09,87.3,84,101,101.0,44.17,86.8,85,101,102.0,43.88,40.29,87,91,91.0,47.06,61,64,64.0,90.9,85,103,103.0,45.94,84.1,88,101,101.0,42.58,74.3,80,101,101.0,37.69,5830.0,96,100,100.0,Saudi Arabia
SDN,39.0,89,186,187.0,19.7,52.3,157,190,190.0,26.41,32.0,156,187,187.0,16.14,45.1,162,190,190.0,22.74,44.5,158,190,190.0,22.44,47.4,159,190,190.0,23.92,43.5,164,190,190.0,21.91,46.5,159,190,190.5,23.49,43.1,164,190,190.0,21.71,44.0,162,190,190.0,22.17,3.78,181,189,189.0,9.22,180,188,188.0,48.6,164,190,190.0,24.53,38.7,166,189,190.0,19.49,29.1,158,190,190.0,14.63,2214.0,181,186,186.0,Sudan
SEN,56.0,73,146,147.5,28.28,69.4,118,145,145.0,35.05,46.3,126,152,152.0,23.38,60.1,132,151,151.5,30.35,59.7,126,151,151.0,30.15,62.9,123,149,149.0,31.78,57.4,131,153,153.0,28.98,64.0,119,144,144.5,32.32,56.4,133,153,153.0,28.46,58.2,132,152,152.0,29.39,6.78,148,154,154.0,17.51,138,142,142.0,64.6,127,148,148.0,32.63,51.9,137,154,155.0,26.2,39.5,133,161,161.5,19.91,3777.0,134,138,138.0,Senegal
SGP,163.0,2,2,2.5,82.32,164.4,2,2,2.0,83.03,170.0,3,3,3.5,86.06,170.1,2,2,2.0,86.11,169.9,2,2,2.0,86.04,168.8,2,2,2.0,85.39,172.8,2,2,2.0,87.53,164.9,2,2,2.0,83.39,173.3,2,2,2.0,87.78,172.1,2,2,2.0,87.18,83.98,11,11,11.5,66.02,4,4,4.0,167.4,2,2,2.0,84.64,174.3,2,2,2.0,88.48,179.1,2,2,3.0,91.5,11718.0,31,35,35.0,Singapore
SLB,119.0,33,72,72.5,60.1,128.3,52,71,71.5,64.8,121.4,59,78,78.0,61.2,130.6,62,78,78.0,65.84,130.5,60,77,77.5,65.8,129.1,60,76,76.5,65.07,134.4,59,76,76.0,67.78,123.5,57,78,78.0,62.27,134.0,62,78,78.5,67.52,133.6,61,76,76.0,67.37,48.42,66,70,70.0,41.07,77,80,80.0,129.5,56,73,73.0,65.34,132.6,67,80,80.0,66.77,136.4,63,82,82.0,68.59,8967.0,66,70,70.0,Solomon Islands
SLE,59.0,71,141,142.5,29.8,70.4,116,143,143.0,35.56,49.4,121,146,146.5,24.91,61.1,128,146,146.0,30.81,60.5,122,147,147.0,30.51,63.6,120,145,145.5,32.09,59.8,123,144,144.0,30.15,62.4,122,148,148.5,31.49,58.6,128,148,148.0,29.53,60.2,126,146,146.0,30.35,5.71,163,170,170.0,14.98,158,162,162.0,65.7,124,144,144.5,33.16,52.6,134,150,150.5,26.49,39.6,132,159,159.5,19.92,4476.0,119,123,123.0,Sierra Leone
SLV,116.0,35,77,77.0,58.59,125.3,55,75,75.0,63.28,123.2,57,76,76.0,62.17,131.5,58,74,74.0,66.36,131.5,57,74,74.0,66.36,129.4,58,74,74.0,65.32,135.4,56,73,73.0,68.29,124.5,55,75,75.5,62.86,135.9,58,73,73.5,68.58,134.7,58,73,73.0,67.96,38.67,93,97,97.0,30.35,99,103,103.0,128.5,58,75,75.0,64.88,137.0,62,75,75.0,69.08,145.2,53,71,71.0,73.1,8202.0,78,82,82.0,El Salvador
SMR,144.0,15,48,48.0,72.73,147.7,30,48,48.0,74.6,153.6,29,48,48.0,77.65,155.7,32,48,48.0,78.71,155.5,31,48,48.0,78.62,154.1,32,47,47.0,77.85,158.5,32,48,48.0,80.24,149.8,31,48,48.0,75.56,159.7,33,48,48.0,80.8,158.1,33,47,47.5,80.01,82.64,28,31,31.0,60.78,34,37,37.0,151.8,32,48,48.0,76.71,162.4,34,46,46.0,82.16,172.3,27,44,44.5,87.23,10917.0,42,46,46.0,San Marino
SOM,32.0,94,195,195.0,16.16,46.9,162,195,195.0,23.69,25.9,163,195,195.0,13.06,40.3,167,195,195.0,20.32,39.9,163,195,195.0,20.12,42.2,164,195,195.0,21.28,39.3,169,195,195.0,19.79,41.4,163,195,195.5,20.91,38.6,169,195,195.0,19.43,39.5,167,195,195.0,19.9,2.81,184,192,192.0,7.79,182,190,190.0,43.5,169,195,195.0,21.95,34.5,170,196,196.0,17.37,25.6,165,197,197.0,12.87,1830.0,191,196,196.0,Somalia
SRB,120.0,32,71,71.0,60.61,128.3,52,71,71.5,64.8,127.4,51,70,70.0,64.37,134.6,55,71,71.0,68.01,134.3,54,71,71.0,67.86,132.9,55,71,71.0,67.13,137.7,54,71,71.0,69.58,128.6,51,71,71.0,64.98,138.5,56,71,71.0,70.0,137.0,56,71,71.0,69.22,60.08,51,55,55.0,51.52,47,50,50.0,131.6,54,71,71.0,66.48,139.7,57,70,70.0,70.59,146.1,50,68,68.0,73.79,8597.0,70,74,74.0,Serbia
SSD,41.0,87,181,182.5,20.71,54.6,151,183,183.5,27.58,34.8,151,182,182.0,17.53,48.3,156,182,182.0,24.33,47.8,151,182,182.0,24.08,50.4,152,182,182.0,25.39,46.8,158,182,182.0,23.55,49.9,151,182,182.0,25.18,46.2,157,182,182.0,23.24,47.2,156,182,182.0,23.76,5.64,165,172,172.0,12.68,171,178,178.0,51.4,156,182,182.0,25.92,42.5,161,183,183.0,21.38,33.6,152,183,183.5,16.89,2763.0,166,171,171.0,South Sudan
STP,59.0,71,141,142.5,29.8,69.8,117,144,144.0,35.25,52.5,115,139,139.0,26.47,63.3,121,139,139.0,31.92,62.8,115,139,139.0,31.66,65.6,116,139,139.5,33.08,61.5,119,139,139.5,31.03,65.3,115,139,139.5,32.89,61.2,121,139,139.0,30.86,62.1,120,140,140.0,31.32,8.02,140,146,146.0,16.63,141,145,145.0,66.6,121,141,141.0,33.61,56.8,124,137,137.0,28.6,45.6,113,136,136.0,22.93,3413.0,145,150,150.0,Sao Tome and Principe
SUR,70.0,61,121,121.5,35.35,80.1,95,120,120.0,40.45,66.9,93,116,116.0,33.78,76.1,101,117,117.0,38.42,75.5,96,117,117.0,38.12,77.8,96,117,117.0,39.28,74.7,99,117,117.0,37.74,76.9,93,116,116.0,38.81,75.5,100,117,117.0,38.12,75.2,99,117,117.0,37.97,42.05,81,85,85.0,42.31,75,78,78.0,78.1,98,117,117.0,39.44,71.9,102,115,115.0,36.28,63.8,92,114,114.0,32.15,4439.0,121,125,125.0,Suriname
SVK,159.0,6,19,23.0,80.3,160.4,12,23,25.0,81.01,167.1,8,18,18.5,84.48,166.8,10,19,21.0,84.32,166.5,12,21,23.0,84.2,165.2,11,19,19.5,83.45,170.3,11,20,22.0,86.15,160.0,11,23,24.0,80.87,171.0,11,18,19.5,86.47,169.5,12,18,19.5,85.72,84.08,8,8,8.0,64.54,9,11,11.0,163.8,13,20,22.5,82.77,172.0,10,14,15.5,87.02,179.1,2,2,3.0,90.66,12130.0,19,22,22.5,Slovakia
SVN,159.0,6,19,23.0,80.3,160.4,12,23,25.0,81.01,167.1,8,18,18.5,84.48,166.8,10,19,21.0,84.33,166.5,12,21,23.0,84.2,165.2,11,19,19.5,83.45,170.2,12,25,25.5,86.14,160.1,10,20,21.0,80.88,171.0,11,18,19.5,86.5,169.4,13,22,23.0,85.7,84.15,6,6,6.0,64.58,6,6,6.0,163.8,13,20,22.5,82.77,172.0,10,14,15.5,87.03,179.0,3,5,5.0,90.64,12130.0,19,22,22.5,Slovenia
SWE,160.0,5,6,12.0,80.81,161.4,4,4,6.0,81.52,167.8,6,8,12.0,84.91,167.5,5,6,6.5,84.76,167.2,5,7,8.0,84.63,165.8,7,7,7.0,83.84,171.0,5,5,6.5,86.58,160.9,6,8,8.5,81.37,171.6,6,6,6.5,86.88,170.1,6,6,6.5,86.11,83.88,13,14,14.0,64.49,11,13,13.5,164.6,6,6,7.0,83.21,172.3,7,8,8.0,87.37,178.4,7,12,13.0,90.83,12278.0,10,11,12.0,Sweden
SWZ,68.0,63,124,124.0,34.34,78.2,99,124,124.0,39.49,60.1,104,127,127.0,30.31,70.2,110,127,127.0,35.4,69.6,105,127,127.0,35.1,72.5,104,127,127.0,36.56,69.4,108,127,127.0,34.99,70.5,105,129,129.0,35.57,68.7,109,127,127.0,34.64,69.7,108,127,127.0,35.13,9.06,136,141,141.5,16.12,148,152,152.0,74.2,107,126,126.5,37.44,62.5,115,128,128.0,31.48,50.0,108,130,130.0,25.15,4820.0,112,116,116.0,Swaziland
SYC,134.0,22,58,58.0,67.68,139.8,39,57,57.0,70.61,139.1,40,59,59.0,70.24,144.0,43,59,59.0,72.71,143.9,42,59,59.0,72.66,142.8,41,57,57.0,72.09,146.9,42,59,59.0,74.24,138.5,38,57,57.0,69.83,147.1,44,59,59.0,74.33,146.2,44,59,59.0,73.86,62.04,48,52,52.0,56.54,42,45,45.0,142.0,41,57,57.0,71.71,147.3,49,62,62.0,74.34,151.4,45,63,63.0,76.31,9812.0,54,58,58.0,Seychelles
SYR,26.0,96,198,198.0,13.13,41.4,165,198,198.0,20.91,20.8,166,198,198.0,10.49,35.9,170,198,198.0,18.11,35.5,166,198,198.0,17.91,37.3,167,198,198.0,18.84,34.8,172,198,198.0,17.54,36.9,165,198,198.0,18.63,34.5,172,198,198.0,17.4,35.2,170,198,198.0,17.75,2.25,187,195,195.0,4.95,188,196,196.0,38.5,172,198,198.0,19.44,31.3,172,198,198.0,15.78,24.7,166,198,198.0,12.43,1617.0,193,198,198.0,Syria
TCD,50.0,79,162,163.0,25.25,62.4,135,166,166.0,31.52,42.4,136,165,165.0,21.36,54.6,144,168,168.5,27.51,54.3,137,167,167.5,27.37,56.9,140,169,169.0,28.67,52.5,147,170,170.0,26.43,57.7,136,167,167.0,29.14,51.6,148,171,171.0,25.96,53.1,145,170,170.0,26.74,6.64,151,157,157.0,15.69,151,155,155.0,58.4,143,167,167.0,29.46,47.8,150,169,169.0,24.05,37.4,139,168,168.5,18.8,2939.0,161,166,166.0,Chad
TGO,55.0,74,150,151.0,27.78,67.2,123,151,151.0,33.94,45.8,127,153,153.0,23.1,58.4,135,155,155.5,29.46,58.0,130,155,155.5,29.25,61.0,128,155,155.5,30.79,56.2,133,155,155.5,28.33,61.6,125,153,154.0,31.09,55.1,137,158,158.5,27.78,56.7,136,156,156.5,28.59,6.83,146,152,152.0,17.43,139,143,143.0,62.7,132,153,153.0,31.65,50.6,141,160,160.0,25.49,38.8,134,163,163.0,19.52,3459.0,141,145,145.5,Togo
THA,79.0,55,111,111.0,39.9,86.6,86,111,111.0,43.74,76.1,87,109,109.0,38.48,83.0,93,109,109.0,41.97,82.3,88,109,109.0,41.61,84.8,89,110,110.0,42.9,81.5,91,109,109.0,41.19,84.2,87,110,110.0,42.6,81.8,92,109,109.0,41.36,81.9,91,109,109.0,41.4,45.7,69,73,73.0,44.48,72,75,75.0,84.8,92,111,111.0,42.86,79.4,96,109,109.0,40.2,72.8,83,104,104.5,36.91,3948.0,130,134,134.0,Thailand
TJK,55.0,74,150,151.0,27.78,66.8,125,153,153.5,33.74,49.4,121,146,146.5,24.93,60.8,130,148,148.0,30.68,60.1,123,148,148.0,30.32,62.5,124,150,150.5,31.55,59.5,125,146,146.5,30.01,61.9,123,150,150.0,31.25,60.0,125,144,144.0,30.26,59.7,127,147,147.0,30.11,10.69,132,137,137.0,13.43,168,175,175.0,63.8,130,151,151.0,32.21,54.8,130,144,144.0,27.62,43.6,119,143,143.0,21.94,3228.0,151,156,156.0,Tajikistan
TKM,46.0,83,173,174.0,23.23,59.8,142,173,173.0,30.2,39.2,143,173,173.0,19.78,53.0,148,174,174.0,26.74,52.4,143,174,174.0,26.44,54.8,145,174,174.5,27.65,52.0,148,171,171.0,26.22,53.6,147,178,178.0,27.08,52.1,146,169,169.0,26.27,52.3,146,171,171.5,26.37,4.56,177,185,185.0,9.98,178,185,185.0,56.4,148,173,173.0,28.47,46.6,154,173,174.0,23.49,35.7,144,175,175.0,17.97,2630.0,171,176,176.0,Turkmenistan
TLS,85.0,50,102,102.5,42.93,98.2,75,98,98.0,49.6,88.2,76,97,97.0,44.51,101.1,80,96,96.0,51.01,101.4,76,96,96.0,51.16,99.3,77,96,96.0,50.13,104.7,77,95,95.0,52.85,95.1,76,98,98.0,47.96,104.2,79,96,96.0,52.56,103.6,80,96,96.0,52.29,23.66,107,111,111.0,21.01,120,124,124.0,99.6,79,96,96.0,50.28,104.4,80,93,93.0,52.63,110.7,72,93,93.0,55.72,5740.0,98,102,102.0,Timor-Leste
TON,112.0,39,84,84.5,56.57,122.0,61,83,83.0,61.62,115.1,66,86,86.0,58.05,124.9,70,86,86.0,63.0,125.0,67,86,86.0,63.03,123.0,68,86,86.0,62.04,129.1,67,85,85.0,65.16,117.5,65,86,86.0,59.18,128.4,69,86,86.0,64.79,128.2,69,85,85.0,64.68,46.62,68,72,72.0,38.71,80,83,83.0,123.4,67,84,84.0,62.28,127.8,73,86,86.0,64.38,133.4,67,86,86.5,67.1,8322.0,76,80,80.0,Tonga
TTO,127.0,28,65,66.0,64.14,136.1,43,61,61.0,68.74,130.5,49,68,68.0,65.9,139.3,51,67,67.0,70.35,139.1,50,67,67.0,70.25,138.2,51,67,67.0,69.78,142.2,50,67,67.0,71.85,133.9,47,67,67.0,67.58,142.2,52,67,67.0,71.84,141.8,52,67,67.0,71.63,33.77,102,106,106.0,31.55,96,99,99.0,137.8,48,64,64.5,69.6,141.5,54,67,67.0,71.43,143.4,57,75,75.5,72.3,10425.0,48,52,52.0,Trinidad and Tobago
TUN,65.0,66,130,130.5,32.83,75.2,108,134,134.0,37.98,58.7,106,129,129.0,29.65,68.4,113,130,130.0,34.55,67.9,108,130,130.0,34.3,71.0,106,129,129.0,35.88,66.1,111,130,130.0,33.38,71.5,103,127,127.0,36.13,65.5,112,130,130.0,33.09,66.8,111,130,130.0,33.74,18.19,116,120,120.0,24.14,110,114,114.0,71.8,109,129,129.0,36.27,61.9,116,129,129.0,31.27,51.2,106,128,128.0,25.84,4134.0,125,129,129.0,Tunisia
TUR,111.0,40,86,86.0,56.06,114.2,71,94,94.0,57.68,107.2,73,94,94.0,54.21,109.9,78,94,94.0,55.58,108.9,74,94,94.0,55.06,111.9,75,94,94.0,56.59,108.7,76,94,94.0,54.94,110.6,72,94,94.0,55.95,109.4,77,94,94.0,55.34,108.8,78,94,94.0,55.01,27.2,105,109,109.0,33.83,89,92,92.0,112.3,77,94,94.0,56.75,104.1,81,94,94.0,52.7,91.1,75,96,96.0,46.18,7358.0,89,93,93.0,Turkey
TUV,114.0,37,79,80.5,57.58,124.8,57,77,77.0,63.03,116.9,62,82,82.0,58.87,127.5,65,81,81.0,64.21,127.6,63,81,81.5,64.25,125.7,64,81,81.0,63.3,132.0,62,80,80.0,66.52,119.8,62,83,83.0,60.25,131.1,65,82,82.0,66.05,131.0,65,80,80.5,66.0,27.3,104,108,108.0,22.05,117,121,121.0,126.2,64,81,81.0,63.63,129.8,71,84,84.0,65.28,133.9,66,85,85.0,67.29,8816.0,67,71,71.0,Tuvalu
TWN,113.0,38,83,83.0,57.07,120.9,62,84,84.0,61.06,121.0,60,79,79.5,61.24,127.3,66,82,82.0,64.43,127.6,63,81,81.5,64.58,124.9,65,82,82.0,63.2,131.6,64,82,82.0,66.64,119.9,61,82,82.0,60.63,131.5,63,80,80.0,66.59,130.6,66,82,82.0,66.13,70.73,36,39,39.0,48.72,54,57,57.0,124.1,66,83,83.0,62.74,133.8,66,79,79.0,67.88,145.5,51,69,69.0,74.2,8059.0,82,86,86.0,Taiwan
TZA,66.0,65,128,128.5,33.33,75.6,106,132,132.0,38.18,56.6,108,131,131.0,28.57,66.5,116,133,133.0,33.57,66.0,110,132,132.5,33.31,69.2,110,133,133.0,34.97,64.8,112,131,131.0,32.68,68.4,110,134,134.0,34.56,64.1,115,133,133.0,32.33,65.5,112,131,131.0,33.05,8.97,137,143,143.0,19.78,127,131,131.0,71.0,114,134,134.0,35.85,58.2,121,134,134.0,29.36,45.1,114,137,137.5,22.72,4941.0,107,111,111.0,Tanzania
UGA,62.0,68,135,136.5,31.31,72.0,112,138,138.0,36.36,52.3,116,140,140.0,26.37,62.8,123,141,141.0,31.67,62.2,117,141,141.0,31.37,65.5,117,141,141.0,33.05,61.2,120,141,141.0,30.83,64.4,118,143,143.0,32.53,60.6,124,143,143.0,30.53,61.9,121,141,141.0,31.2,5.85,161,168,168.0,13.92,165,172,172.0,67.3,119,139,139.0,33.96,54.6,131,145,146.0,27.5,42.0,126,152,152.5,21.12,4478.0,118,122,122.0,Uganda
UKR,131.0,25,61,61.0,66.16,135.7,45,63,63.0,68.54,137.1,42,61,61.0,69.28,141.0,48,64,64.0,71.25,140.7,48,65,65.0,71.1,139.2,47,63,63.0,70.34,144.5,47,64,64.0,73.02,134.3,46,65,65.5,67.9,145.2,49,64,64.0,73.38,143.5,49,64,64.0,72.52,39.59,88,92,92.0,34.84,85,88,88.0,138.5,46,62,62.0,69.97,145.0,52,65,65.0,73.3,149.3,46,64,64.0,75.45,9555.0,59,63,63.0,Ukraine
URY,137.0,19,53,53.0,69.19,141.8,36,54,54.0,71.62,144.4,33,52,52.0,73.0,148.0,37,53,53.0,74.82,148.0,36,53,53.0,74.82,145.9,37,53,53.0,73.75,151.3,37,53,53.0,76.53,142.1,34,52,52.5,71.78,152.3,37,52,52.0,77.05,150.6,38,53,53.0,76.17,63.73,44,48,48.0,52.19,46,49,49.0,145.0,37,53,53.0,73.27,153.1,40,52,52.0,77.46,159.7,34,52,52.0,80.85,10154.0,52,56,56.0,Uruguay
USA,153.0,11,41,42.0,77.27,155.0,23,41,41.0,78.28,160.0,25,43,43.0,80.99,161.0,27,43,43.0,81.5,160.9,27,42,42.5,81.47,159.0,29,43,43.0,80.44,165.4,25,41,41.0,83.7,153.3,26,43,43.0,77.64,165.4,27,42,42.0,83.75,164.2,27,41,41.0,83.11,45.39,72,76,76.0,37.46,82,85,85.0,158.1,27,41,41.5,79.93,165.9,31,43,43.0,84.2,172.5,26,43,43.0,88.06,12434.0,2,2,2.0,United States
UZB,60.0,70,140,140.0,30.3,70.5,115,141,141.5,35.61,56.1,109,132,132.5,28.34,65.8,119,136,136.5,33.24,65.1,113,136,136.5,32.88,67.6,114,137,137.0,34.16,64.0,116,136,136.0,32.32,67.5,113,137,137.0,34.12,65.0,114,132,132.0,32.83,64.5,116,136,136.0,32.57,35.0,100,104,104.0,33.75,91,94,94.0,68.2,118,138,138.0,34.45,60.9,118,131,131.0,30.76,51.0,107,129,129.0,25.74,3369.0,147,152,152.0,Uzbekistan
VAT,135.0,21,56,56.5,68.18,137.6,42,60,60.0,69.49,143.2,35,54,54.0,72.28,144.5,42,58,58.0,72.93,144.6,40,57,57.0,72.94,142.2,43,59,59.0,71.8,148.3,41,57,57.5,74.92,138.4,39,58,58.0,69.65,148.2,43,58,58.0,74.93,147.3,43,58,58.0,74.39,40.75,86,90,90.0,33.98,87,90,90.0,141.1,43,59,59.0,71.24,150.4,43,55,55.0,75.85,159.0,35,53,53.0,80.07,9636.0,56,60,60.0,Vatican
VCT,135.0,21,56,56.5,68.18,141.4,37,55,55.0,71.41,139.7,39,58,58.0,70.47,145.6,40,56,56.0,73.44,145.6,39,56,56.0,73.42,144.0,40,56,56.0,72.65,149.2,40,56,56.0,75.29,139.4,37,56,56.0,70.23,149.0,42,57,57.0,75.23,148.5,41,56,56.0,74.93,39.12,89,93,93.0,32.98,93,96,96.0,143.6,40,56,56.0,72.48,148.9,46,58,58.0,75.03,153.4,43,61,61.0,77.18,10302.0,50,54,54.0,Saint Vincent and the Grenadines
VEN,109.0,42,90,90.5,55.05,116.9,66,88,88.0,59.04,115.5,65,85,85.0,58.28,122.3,72,88,88.0,61.71,122.1,69,88,88.5,61.6,120.6,70,88,88.0,60.88,125.7,70,88,88.0,63.38,115.9,68,89,89.5,58.55,126.1,71,88,88.0,63.61,124.9,72,88,88.0,62.98,36.14,99,103,103.0,31.16,98,102,102.0,119.7,71,88,88.0,60.43,126.7,76,89,89.0,63.87,132.6,69,89,89.0,66.74,7618.0,85,89,89.0,Venezuela
VNM,52.0,77,159,159.5,26.26,65.6,128,157,157.5,33.13,46.9,125,151,151.0,23.7,60.4,131,149,149.5,30.53,59.8,125,150,150.0,30.23,62.2,125,152,152.0,31.44,59.0,126,148,148.0,29.79,61.7,124,151,151.5,31.22,58.8,127,146,146.5,29.71,59.3,128,148,148.0,29.96,9.44,134,139,139.0,14.4,161,165,165.0,63.0,131,152,152.0,31.83,55.5,128,141,141.5,28.06,47.5,110,132,132.5,24.02,2602.0,172,177,177.0,Vietnam
VUT,80.0,54,109,109.5,40.4,89.4,83,108,108.0,45.15,71.5,90,113,113.0,36.06,81.0,95,111,111.0,40.85,80.2,90,111,111.0,40.45,83.0,90,111,111.0,41.87,80.3,93,111,111.0,40.52,81.1,90,113,113.0,40.87,80.0,94,111,111.0,40.33,80.6,93,111,111.0,40.66,11.83,129,133,133.5,16.07,149,153,153.0,85.2,91,109,109.5,43.0,72.5,101,114,114.0,36.52,57.5,98,120,120.0,28.92,5440.0,103,107,107.0,Vanuatu
WSM,115.0,36,78,78.0,58.08,124.7,58,78,79.0,62.98,118.5,61,81,81.0,59.73,127.8,64,80,80.0,64.42,127.8,62,80,80.0,64.42,126.2,63,80,80.0,63.61,131.9,63,81,81.0,66.5,120.4,59,80,80.0,60.67,131.3,64,81,81.0,66.18,131.0,65,80,80.5,66.04,51.9,64,68,68.0,44.18,73,76,76.0,126.3,63,80,80.0,63.72,130.7,69,82,82.0,65.79,135.7,65,84,84.0,68.22,8493.0,71,75,75.0,Samoa
XKX,80.0,54,109,109.5,40.4,91.3,80,103,103.5,46.11,85.0,78,99,99.0,42.93,95.6,81,97,97.0,48.29,95.8,77,97,97.0,48.38,93.9,80,99,99.0,47.43,99.2,79,97,97.0,50.12,89.4,81,103,103.0,45.12,98.8,80,97,97.0,49.92,98.3,81,97,97.0,49.66,22.83,108,112,112.0,18.19,130,134,134.0,93.4,83,100,100.0,47.18,100.2,84,97,97.0,50.6,108.5,73,94,94.0,54.74,5672.0,99,103,103.0,Kosovo
YEM,33.0,93,193,193.5,16.67,47.5,161,194,194.0,23.99,27.0,161,193,193.0,13.61,41.0,166,194,194.0,20.67,40.5,162,194,194.0,20.42,43.0,163,194,194.0,21.7,39.6,168,194,194.0,19.94,42.4,161,193,193.0,21.42,39.3,168,194,194.0,19.79,40.0,166,194,194.0,20.15,2.65,185,193,193.0,6.25,186,194,194.0,44.2,168,194,194.0,22.3,35.4,168,193,193.5,17.83,27.0,162,194,194.0,13.58,1902.0,188,193,193.0,Yemen
ZAF,94.0,47,97,97.0,47.47,100.4,73,96,96.0,50.71,87.9,77,98,98.0,44.42,94.0,83,99,99.0,47.5,93.2,79,99,99.0,47.1,96.4,79,98,98.0,48.73,92.5,80,98,98.0,46.72,95.3,75,97,97.0,48.19,92.7,82,99,99.0,46.84,93.0,82,98,98.0,46.99,21.48,111,115,115.0,26.67,107,111,111.0,97.3,80,97,97.0,49.16,87.1,86,99,99.0,44.03,73.9,81,102,102.0,37.35,6774.0,93,97,97.0,South Africa
ZMB,62.0,68,135,136.5,31.31,72.6,110,136,136.0,36.67,53.5,113,137,137.0,27.0,64.4,120,138,138.0,32.5,63.8,114,138,138.0,32.2,66.8,115,138,138.0,33.73,63.2,118,138,138.0,31.87,65.3,115,139,139.5,32.98,62.6,120,138,138.0,31.56,63.7,118,138,138.0,32.13,6.55,153,159,159.5,15.17,156,160,160.0,68.5,117,137,137.0,34.58,56.6,125,138,138.0,28.54,44.0,118,142,142.0,22.15,4448.0,120,124,124.0,Zambia
ZWE,59.0,71,141,142.5,29.8,70.5,115,141,141.5,35.61,51.6,117,141,141.0,26.02,63.2,122,140,140.0,31.87,62.7,116,140,140.0,31.63,65.6,116,139,139.5,33.09,61.5,119,139,139.5,31.0,64.8,116,141,141.0,32.73,61.0,122,140,140.5,30.74,62.2,119,139,139.0,31.35,6.59,152,158,158.0,16.18,146,150,150.0,66.9,120,140,140.0,33.76,56.1,127,140,140.0,28.26,44.3,117,141,141.0,22.28,3957.0,129,133,133.0,Zimbabwe
