country,pagerank_as_destination,pagerank_as_passport,in_degree,out_degree,betweenness,hub_authority_gap,name
AFG,0.0011460943131443454,0.0007537688442211056,0,22,0.0,-0.00039232546892323977,Afghanistan
BDI,0.0024989379468159075,0.011758813294287053,198,47,0.005106435171810755,0.009259875347471146,Burundi
KHM,0.0021129834290617307,0.011722145097538163,197,50,0.003555165002511755,0.009609161668476432,Cambodia
CPV,0.0030991230161606207,0.011814563622717537,198,64,0.007539601928289189,0.008715440606556917,Cape Verde
COM,0.00206259015130547,0.01177521991793572,198,51,0.002166267811448042,0.009712629766630251,Comoros
CIV,0.0034276924494528855,0.0117825092168926,198,53,0.012548523913676977,0.008354816767439713,Ivory Coast
DJI,0.0018563239192219568,0.011749536491972492,198,45,0.0017306986563029648,0.009893212572750535,Djibouti
DMA,0.006410736705797981,0.011619983450575397,196,123,0.013380621217073424,0.005209246744777416,Dominica
GNB,0.0026538736199961115,0.011767345723920955,198,49,0.006355167501152545,0.009113472103924844,Guinea-Bissau
HTI,0.0018343727746415045,0.011420402070834001,193,45,0.00141228782461799,0.009586029296192497,Haiti
KEN,0.003539460875095521,0.011819258343807915,198,66,0.01069149265578585,0.008279797468712394,Kenya
MAC,0.007120008823169444,0.010987609306457626,191,129,0.01665001388261861,0.0038676004832881817,Macao
MDG,0.0022381348588162053,0.011400912882473935,196,57,0.002588100985392387,0.00916277802365773,Madagascar
MDV,0.004560874072155432,0.011827318071678358,197,86,0.013231826263322161,0.007266443999522925,Maldives
FSM,0.005801190384457467,0.011874428685427358,198,104,0.010958702343642837,0.006073238300969891,Micronesia
MOZ,0.002091049390617193,0.011170401512578474,192,56,0.002177879834642286,0.009079352121961282,Mozambique
PLW,0.005897460825894323,0.011594221494014404,196,105,0.010801175377039451,0.005696760668120081,Palau
RWA,0.0033163592963661287,0.011722162892648658,197,62,0.010229720793375939,0.008405803596282528,Rwanda
WSM,0.0062132892246600435,0.0118836442280555,198,115,0.012753237249655007,0.005670355003395457,Samoa
SYC,0.0072935304497281205,0.011846284926992762,197,134,0.017243026225368944,0.004552754477264642,Seychelles
LKA,0.0016952268192625857,0.01139720106157828,193,39,0.0011491953440682834,0.009701974242315694,Sri Lanka
TLS,0.004584942195516923,0.011852948540969492,198,85,0.0073957070859521756,0.007268006345452569,Timor-Leste
TUV,0.006099016773879461,0.011882879396559748,198,114,0.011513516015641583,0.0057838626226802865,Tuvalu
ALB,0.00574957514394138,0.0033050594723357325,92,106,0.0007287485519131368,-0.002444515671605648,Albania
AND,0.007996071932380356,0.0037412588840733227,93,146,0.0007524487404508182,-0.004254813048307033,Andorra
ATG,0.006790669188259239,0.005279269556825231,113,132,0.0028672248043064576,-0.0015113996314340076,Antigua and Barbuda
ARM,0.002734268986679464,0.0037008973058099766,90,67,0.00046417620309587655,0.0009666283191305126,Armenia
AUT,0.008501909108178498,0.0037430301723574877,93,159,0.0008876804967148855,-0.00475887893582101,Austria
AZE,0.00282016317485936,0.001824119642876491,30,71,0.00020508282793270242,-0.000996043531982869,Azerbaijan
BGD,0.00213698918143677,0.009583146974546292,164,33,0.002575926713043935,0.007446157793109522,Bangladesh
BRB,0.007962379171425104,0.01054031858598104,179,141,0.01590308215138232,0.002577939414555936,Barbados
BLR,0.003410644893347666,0.00363440148052929,94,81,0.0010618136708675846,0.00022375658718162437,Belarus
BEL,0.008548421116977293,0.0037431545661643466,93,160,0.000939752086597424,-0.004805266550812946,Belgium
BIH,0.005894438595379398,0.0039276369859383604,99,110,0.0007630384225313034,-0.0019668016094410374,Bosnia and Herzegovina
BRA,0.007701432871806031,0.004303514460495997,101,149,0.0021546920453256913,-0.0033979184113100344,Brazil
BGR,0.008351072341317309,0.003742904212370194,93,158,0.0008813413065805568,-0.004608168128947114,Bulgaria
CHL,0.00790406209917909,0.0034950204035233607,93,148,0.0013910223565595443,-0.00440904169565573,Chile
CHN,0.003249668703808667,0.0033917406420058576,81,77,0.0008215129368553034,0.00014207193819719063,China
COL,0.006491681875966627,0.004024621664331161,101,117,0.001386311331422221,-0.002467060211635466,Colombia
HRV,0.008501242332645594,0.0037430301723574877,93,159,0.0009124643973721398,-0.004758212160288107,Croatia
CYP,0.008280512990278384,0.0037426474740316854,93,156,0.0008479188255655494,-0.0045378655162466985,Cyprus
CZE,0.008467447158966175,0.003742904212370194,93,158,0.0009002012122894449,-0.00472454294659598,Czech Republic
DNK,0.008548421116977293,0.0037431545661643466,93,160,0.000939752086597424,-0.004805266550812946,Denmark
DOM,0.002885820902183114,0.004372727549436098,108,67,0.0005166842295090633,0.001486906647252984,Dominican Republic
EGY,0.0020272164771744355,0.005766348366057612,124,48,0.0013315920381277878,0.003739131888883177,Egypt
SLV,0.006342181883036335,0.0033986780675230887,88,116,0.0007489844470310463,-0.002943503815513246,El Salvador
EST,0.008454730323846799,0.003742904212370194,93,158,0.0008603928074896015,-0.0047118261114766045,Estonia
FIN,0.008548421116977293,0.0037431545661643466,93,160,0.000939752086597424,-0.004805266550812946,Finland
FRA,0.008548421116977293,0.0037431545661643466,93,160,0.000939752086597424,-0.004805266550812946,France
GMB,0.0034472460731623266,0.008248955184820796,132,65,0.004702193896299315,0.00480170911165847,Gambia
GEO,0.006252460216911309,0.00424506594831687,103,119,0.0021386651132494433,-0.0020073942685944392,Georgia
DEU,0.008548421116977293,0.0037431545661643466,93,160,0.000939752086597424,-0.004805266550812946,Germany
GRC,0.008501909108178498,0.0037430301723574877,93,159,0.0008876804967148855,-0.00475887893582101,Greece
GUY,0.0034728198613289685,0.002981179249234854,62,82,0.0004833029426410512,-0.0004916406120941143,Guyana
HKG,0.008933519029657678,0.007669275789733575,147,153,0.01207612412734776,-0.0012642432399241031,Hong Kong
HUN,0.008501242332645594,0.0037430301723574877,93,159,0.0009124643973721398,-0.004758212160288107,Hungary
ISL,0.008389440375441159,0.0037425166338470777,93,155,0.0008360155180048151,-0.004646923741594081,Iceland
IDN,0.003263249706062535,0.004990988538404438,98,77,0.001807622557120872,0.0017277388323419032,Indonesia
IRN,0.0017872379228708484,0.011145696669816029,188,39,0.003719678635826469,0.009358458746945181,Iran
ISR,0.007949482566449083,0.00449134130178969,101,140,0.0028926824469200185,-0.003458141264659393,Israel
ITA,0.008548421116977293,0.0037431545661643466,93,160,0.000939752086597424,-0.004805266550812946,Italy
JAM,0.0034065665029503153,0.005978883535283447,124,84,0.0013879262566954833,0.0025723170323331316,Jamaica
JOR,0.0020718701821668913,0.0068149966281851,144,49,0.002008876373572257,0.004743126446018209,Jordan
KAZ,0.0032331754328631434,0.0035765247603928903,85,78,0.0008307381163292204,0.000343349327529747,Kazakhstan
XKX,0.004714094837038186,0.004711428634079012,109,80,0.0009024054189689874,-2.666202959174767e-06,Kosovo
KGZ,0.0024321242154129973,0.0031533706368426723,84,61,0.000550988797926495,0.000721246421429675,Kyrgyzstan
LAO,0.0019524740808171547,0.009235805060507515,170,45,0.0022579356239824542,0.007283330979690361,Laos
LVA,0.008454730323846799,0.003742904212370194,93,158,0.0008603928074896015,-0.0047118261114766045,Latvia
LIE,0.008411403493088138,0.0037426474740316854,93,156,0.0008365814072632772,-0.004668756019056452,Liechtenstein
LTU,0.008420935150167381,0.0037427766564365845,93,157,0.000848129622406907,-0.004678158493730797,Lithuania
LUX,0.008548421116977293,0.0037431545661643466,93,160,0.000939752086597424,-0.004805266550812946,Luxembourg
MWI,0.0024915252278672837,0.008490032087822962,148,67,0.0012417640541101539,0.0059985068599556785,Malawi
MYS,0.009289433303138634,0.009136249943651385,167,160,0.021161913304411823,-0.00015318335948724844,Malaysia
MLT,0.008516492787408424,0.0037430301723574877,93,159,0.0009268967319366212,-0.004773462615050936,Malta
MUS,0.006965098584334206,0.010802672112634755,182,127,0.013225535164882885,0.0038375735283005486,Mauritius
MDA,0.00578478133195722,0.004127846612472896,102,109,0.0010881887015187983,-0.0016569347194843233,Moldova
MCO,0.008214097748206363,0.0037422498508350673,93,153,0.00080267904129651,-0.004471847897371296,Monaco
MNE,0.006293500132200424,0.0039645971740614105,101,117,0.0008958851563971546,-0.0023289029581390133,Montenegro
NPL,0.0019037237084575881,0.010863758008141105,186,36,0.0028175545685770456,0.008960034299683516,Nepal
NLD,0.008548421116977293,0.0037431545661643466,93,160,0.000939752086597424,-0.004805266550812946,Netherlands
MKD,0.00627362134845133,0.00286970121967915,80,117,0.00029563085507084845,-0.0034039201287721804,North Macedonia
NOR,0.008548421116977293,0.0037431545661643466,93,160,0.000939752086597424,-0.004805266550812946,Norway
PSE,0.001497010410046298,0.007734748112355849,156,35,0.0008431360861150543,0.006237737702309551,Palestine
POL,0.008501242332645594,0.0037430301723574877,93,159,0.0009124643973721398,-0.004758212160288107,Poland
PRT,0.008501909108178498,0.0037430301723574877,93,159,0.0008876804967148855,-0.00475887893582101,Portugal
ROU,0.008351072341317309,0.003742904212370194,93,158,0.0008813413065805568,-0.004608168128947114,Romania
SMR,0.007839668192925623,0.0037409581587077062,93,144,0.0006957337682969161,-0.004098710034217917,San Marino
SAU,0.003859897266962805,0.002941337797906572,74,86,0.0012467473082928785,-0.0009185594690562329,Saudi Arabia
SRB,0.006373208441869996,0.003484024955235303,89,120,0.0009694021889688476,-0.0028891834866346935,Serbia
SGP,0.008975874337687925,0.009909919244463855,164,163,0.01800687981602909,0.0009340449067759306,Singapore
SVK,0.008501242332645594,0.0037430301723574877,93,159,0.0009124643973721398,-0.004758212160288107,Slovakia
SVN,0.008501242332645594,0.0037430301723574877,93,159,0.0009124643973721398,-0.004758212160288107,Slovenia
KOR,0.009158032340622752,0.004735601810288485,110,163,0.004138832294094063,-0.004422430530334268,South Korea
ESP,0.008707509110124708,0.00374327742282101,93,161,0.0011066981061045881,-0.004964231687303698,Spain
VCT,0.0071212785031272196,0.010767701479537038,186,135,0.012955356637416886,0.0036464229764098183,Saint Vincent and the Grenadines
SUR,0.0029621308665795363,0.00985231218683564,176,70,0.00362951532667345,0.006890181320256103,Suriname
SWE,0.008548421116977293,0.0037431545661643466,93,160,0.000939752086597424,-0.004805266550812946,Sweden
CHE,0.008548421116977293,0.0037431545661643466,93,160,0.000939752086597424,-0.004805266550812946,Switzerland
TWN,0.006709042699446024,0.003527138172744277,74,113,0.001398977087098479,-0.0031819045267017466,Taiwan
TZA,0.002967102242051171,0.010042704680838505,174,66,0.004082082037195463,0.007075602438787334,Tanzania
THA,0.0033726275202650056,0.005200634369812052,112,79,0.0017743181603015066,0.001828006849547046,Thailand
TTO,0.006551045720214104,0.005241512968731742,105,127,0.002431594242914021,-0.001309532751482362,Trinidad and Tobago
TUR,0.005524076109099914,0.004371948325639887,105,111,0.003546984114632941,-0.001152127783460027,Turkey
UKR,0.006949837403534056,0.002924425603720544,81,131,0.0011196756725838763,-0.004025411799813512,Ukraine
ARE,0.01077601322913845,0.00348091211141154,93,169,0.007832069537812928,-0.007295101117726911,United Arab Emirates
VAT,0.007237025559553416,0.0037394953184396234,93,135,0.0005633448701176801,-0.0034975302411137926,Vatican
ZMB,0.002370661913122648,0.00770785144334932,145,62,0.0010559014138200938,0.0053371895302266725,Zambia
ZWE,0.0023867031508582005,0.007957096594901543,144,59,0.0015395244974063685,0.005570393444043343,Zimbabwe
DZA,0.0034344875261794017,0.001069127196465089,7,54,0.0004207693075663643,-0.0023653603297143127,Algeria
AGO,0.0018070125100554746,0.005345748101989492,101,47,0.00041909568019633483,0.0035387355919340177,Angola
BEN,0.0034123032977033865,0.005658762990690126,61,59,0.0022991546049457904,0.0022464596929867393,Benin
ECU,0.003688765292034527,0.008212252089424795,152,85,0.003973839495165386,0.004523486797390269,Ecuador
ETH,0.002086576286223316,0.006819334949856546,119,42,0.002097782431514868,0.00473275866363323,Ethiopia
GHA,0.0031641301685791214,0.005501513086215358,62,64,0.002051027881747487,0.002337382917636237,Ghana
GIN,0.0026899163011734556,0.0025909027289001,22,53,0.0002135658347365809,-9.901357227335567e-05,Guinea
LBN,0.001820461932083382,0.004626257181641586,103,43,0.0012157210967899072,0.002805795249558204,Lebanon
LBY,0.002234939163471548,0.0008330649696276781,2,40,4.002724406481918e-06,-0.0014018741938438698,Libya
MLI,0.003411378635463366,0.002723846511288215,26,50,0.0005871605271767248,-0.0006875321241751509,Mali
MHL,0.006106656816510326,0.005008312111002089,110,110,0.0026262580390353668,-0.0010983447055082371,Marshall Islands
MRT,0.002982787681572482,0.0013827902197754889,9,52,0.00017717436310492045,-0.001599997461796993,Mauritania
MAR,0.0035719139570416676,0.0032421907191702943,78,71,0.0029101253674612883,-0.0003297232378713733,Morocco
NIC,0.006032651460725315,0.009108048499086025,162,110,0.007108160228003286,0.00307539703836071,Nicaragua
SEN,0.0035173663642674175,0.008226818542168647,135,56,0.006584918559240001,0.00470945217790123,Senegal
SLE,0.0030549951283804846,0.00828408726857988,136,59,0.0037926794577802037,0.005229092140199395,Sierra Leone
SYR,0.0013293693375254364,0.0017436807880244066,25,26,8.390970568177561e-05,0.00041431145049897027,Syria
TJK,0.002216674061583208,0.004335501493025591,96,55,0.0008408108297386813,0.0021188274314423833,Tajikistan
TUN,0.005052525484983236,0.004776801172859777,99,65,0.009541007736796562,-0.00027572431212345965,Tunisia
YEM,0.0015837896543749292,0.0013011351107721845,12,33,6.780055479268238e-05,-0.00028265454360274465,Yemen
ARG,0.007671954295449323,0.0034874047058904762,90,148,0.001214878538015937,-0.004184549589558847,Argentina
AUS,0.008328026065985662,0.0017389900258837528,46,157,7.017093407655818e-05,-0.006589036040101909,Australia
BHS,0.0073216486111162835,0.006213453101272871,122,139,0.004167043356446562,-0.0011081955098434125,Bahamas
BHR,0.0038325295565333653,0.0026048320306655288,71,86,0.0010244459149571325,-0.0012276975258678365,Bahrain
BLZ,0.003814886259571196,0.005096842376099811,106,87,0.001023282477152272,0.0012819561165286148,Belize
BOL,0.003047834543811463,0.0023587156478561025,60,71,0.00016889521522433536,-0.0006891188959553605,Bolivia
CAN,0.008276483727474674,0.0020541697552358576,54,155,0.000287196056635562,-0.006222313972238816,Canada
CRI,0.006988686659241391,0.003987770549242713,95,128,0.0010063745497128824,-0.003000916109998678,Costa Rica
SWZ,0.002655047053593074,0.005042616561362216,97,68,0.0005260742252883213,0.002387569507769142,Swaziland
GTM,0.006288974661459597,0.003275951997058027,86,114,0.0006226762055733572,-0.0030130226644015704,Guatemala
HND,0.006285987394019816,0.00332975107390406,86,114,0.0007516934568498498,-0.0029562363201157556,Honduras
IRL,0.008548783637698978,0.0031150280096110413,78,160,0.0008149187264472556,-0.005433755628087936,Ireland
JPN,0.009059580199586111,0.002828565967178453,74,162,0.0017129265672402082,-0.006231014232407657,Japan
KWT,0.004442516971460389,0.0023393872941288273,57,96,0.0012355487822905409,-0.002103129677331562,Kuwait
MEX,0.007149467014132291,0.002552510571316823,66,136,0.00034677466987413587,-0.0045969564428154685,Mexico
NAM,0.0027099452214755233,0.008001757055125253,137,69,0.0020049381247120627,0.0052918118336497295,Namibia
NZL,0.008429258592940511,0.0022460374070670417,61,158,0.00048340575433644163,-0.006183221185873469,New Zealand
OMN,0.0037611392645975936,0.00336372643263716,83,82,0.0015098504455389548,-0.00039741283196043347,Oman
PAN,0.006829550787561884,0.005175448504676806,116,126,0.0024860286738193228,-0.0016541022828850784,Panama
PNG,0.0029987724667934032,0.004571995237216524,95,72,0.0005513525725126634,0.0015732227704231207,Papua New Guinea
PRY,0.006967695527196606,0.002530940788279532,71,127,0.0005255003048208773,-0.0044367547389170744,Paraguay
PER,0.007054988051601124,0.004242068135041509,103,133,0.0014139986349767863,-0.002812919916559615,Peru
PHL,0.002671113147558174,0.00948898696202453,161,62,0.004034343182975992,0.006817873814466357,Philippines
QAT,0.005312245222782643,0.004198739027758183,99,105,0.004078113813012383,-0.0011135061950244603,Qatar
RUS,0.005059619737398769,0.004003663725597082,66,114,0.002522233236661487,-0.0010559560118016875,Russia
LCA,0.00651271314245861,0.008269532610076276,143,125,0.00589937018888456,0.0017568194676176657,Saint Lucia
STP,0.002245064792039423,0.002819560041895442,58,59,0.0002712378592333457,0.0005744952498560191,Sao Tome and Principe
SLB,0.006345330685642971,0.0032757464321568563,76,119,0.000705372390750154,-0.0030695842534861147,Solomon Islands
ZAF,0.004097384497391532,0.004824584077223096,93,94,0.0024519019033033196,0.0007271995798315634,South Africa
GBR,0.008419404897789869,0.003536188508097119,86,156,0.0012279001239507608,-0.0048832163896927495,United Kingdom
USA,0.00820211342244672,0.001873607463638329,46,153,0.00016649104446685544,-0.006328505958808392,United States
URY,0.007302785258512542,0.003230445953309779,85,137,0.0007711771778322771,-0.004072339305202764,Uruguay
UZB,0.0024604594017990223,0.003643904202136231,94,60,0.0005424047334242894,0.0011834448003372085,Uzbekistan
VUT,0.003319669532184919,0.006365297585525022,120,80,0.0016080622412412027,0.0030456280533401035,Vanuatu
VEN,0.005735145035047629,0.003580946308129583,74,109,0.0010584532767702337,-0.0021541987269180466,Venezuela
BWA,0.00282994918992195,0.00495969844397753,103,72,0.0006311881216494172,0.00212974925405558,Botswana
UGA,0.0029325220220356818,0.003851615480375911,40,62,0.0008791751315425735,0.0009190934583402292,Uganda
CUB,0.002203058563737847,0.0018351125889426866,21,56,0.00012207506449114918,-0.00036794597479516055,Cuba
FJI,0.0035998035561127313,0.005688596571278501,112,81,0.0014030471646674064,0.0020887930151657695,Fiji
GRD,0.006662115159746966,0.006616574511189741,123,128,0.003930375193176298,-4.554064855722545e-05,Grenada
KIR,0.0059107146504012355,0.006823289657678571,123,112,0.003213293224191756,0.0009125750072773355,Kiribati
LSO,0.0027168117054624658,0.004680443615001,81,70,0.0003713447410680755,0.0019636319095385343,Lesotho
KNA,0.007185825441238092,0.006076709028154203,121,136,0.004534593862644918,-0.0011091164130838885,Saint Kitts and Nevis
MNG,0.0027517641261068097,0.0028158240869267984,67,64,0.00038867021105092275,6.405996081998867e-05,Mongolia
BRN,0.007631748409114911,0.0029049945350634434,64,139,0.0016665976788033416,-0.004726753874051468,Brunei
TON,0.005923978361031444,0.003015603511888919,69,112,0.00042223623639379895,-0.0029083748491425254,Tonga
IRQ,0.0012978675412848536,0.0012986890576828507,9,29,5.883492765978417e-06,8.21516397997088e-07,Iraq
PAK,0.0013698398704449235,0.00137699014802759,9,29,1.5200497551454047e-05,7.150277582666526e-06,Pakistan
BTN,0.0021933445034559226,0.0011361132542324866,3,49,7.218931276265327e-05,-0.001057231249223436,Bhutan
GNQ,0.003053767989040439,0.0009477774792345236,5,54,0.0005719828284063517,-0.0021059905098059157,Equatorial Guinea
VNM,0.0021535926670271212,0.002224346612983199,39,52,0.00015513469692059488,7.075394595607758e-05,Vietnam
BFA,0.003106043827089058,0.0022110795614647565,19,54,0.00022261978842243416,-0.0008949642656243015,Burkina Faso
CAF,0.0028405508192519387,0.0017811574631351919,15,48,0.0011649072829609695,-0.0010593933561167468,Central African Republic
TCD,0.0034189275025938892,0.0016543423339616986,16,50,0.0009128288996820952,-0.0017645851686321906,Chad
COG,0.0028770373579045487,0.0015999080557855953,15,46,0.0009153541548595935,-0.0012771293021189534,Congo
LBR,0.00255071898737032,0.002046737921685016,14,47,5.940576242432909e-05,-0.0005039810656853041,Liberia
NER,0.0033294895761213955,0.002242390067909032,19,53,0.0002741170196104949,-0.0010870995082123635,Niger
NGA,0.0029585231753967976,0.0021964521988207682,18,41,0.0016976260356161648,-0.0007620709765760294,Nigeria
TGO,0.002956784317561314,0.0020902630918692793,15,55,0.00015815571513817477,-0.0008665212256920348,Togo
IND,0.002728555828230105,0.0012039478640210688,6,55,0.00011111783474187554,-0.001524607964209036,India
MMR,0.0017473442278094038,0.0017635110839731931,16,41,3.041393665874853e-05,1.6166856163789354e-05,Myanmar
COD,0.0016259593421272256,0.0016252151688435057,7,41,5.025497472572218e-06,-7.441732837198435e-07,DR Congo
SOM,0.0014078986020760532,0.0019140297738317142,8,32,2.245596689545667e-05,0.0005061311717556611,Somalia
SSD,0.00163162786790132,0.0014614998909353895,5,41,1.3705812584374332e-05,-0.00017012797696593042,South Sudan
CMR,0.0031962842786811777,0.0009199907586070164,6,46,0.00011485706170273903,-0.0022762935200741612,Cameroon
GAB,0.0029693395457460396,0.001092102214893537,9,56,0.0005813647572504513,-0.0018772373308525026,Gabon
ERI,0.0015255017540484156,0.0011206264463823226,4,36,1.2294400400145417e-05,-0.000404875307666093,Eritrea
NRU,0.003022062211918812,0.0015600669422210947,16,73,5.398959815015042e-05,-0.0014619952696977175,Nauru
SDN,0.0018856237062299724,0.0010938011356019881,7,39,8.37561896629484e-05,-0.0007918225706279843,Sudan
PRK,0.0014307883935151483,0.0007537688442211056,0,37,0.0,-0.0006770195492940427,North Korea
TKM,0.0017649355401728787,0.0007537688442211056,0,46,0.0,-0.0010111666959517732,Turkmenistan
